{
    "FLOPs": 63520,
    "accuracies": [
        0.6508,
        0.6511,
        0.651,
        0.6509,
        0.6511,
        0.6509,
        0.651,
        0.6509,
        0.651,
        0.6508
    ],
    "train_data": {
        "epoch": {
            "0": 0.0,
            "1": 0.0,
            "2": 0.0,
            "3": 0.0,
            "4": 0.0,
            "5": 0.0,
            "6": 0.0,
            "7": 0.0,
            "8": 0.0,
            "9": 0.0,
            "10": 0.0
        },
        "iteration": {
            "0": 0.0,
            "1": 50.0,
            "2": 100.0,
            "3": 150.0,
            "4": 200.0,
            "5": 250.0,
            "6": 300.0,
            "7": 350.0,
            "8": 400.0,
            "9": 450.0,
            "10": 467.0
        },
        "train_loss": {
            "0": 57.64285659790039,
            "1": 57.31202697753906,
            "2": 55.6296501159668,
            "3": 54.04821014404297,
            "4": 51.37998580932617,
            "5": 48.903099060058594,
            "6": 46.49452209472656,
            "7": 44.825721740722656,
            "8": 43.973148345947266,
            "9": 42.80766296386719,
            "10": 42.182010650634766
        },
        "test_loss": {
            "0": 57.81438446044922,
            "1": 57.2430419921875,
            "2": 55.858009338378906,
            "3": 53.5474967956543,
            "4": 51.47914123535156,
            "5": 48.58195877075195,
            "6": 46.20099639892578,
            "7": 44.07546615600586,
            "8": 43.34360122680664,
            "9": 41.985191345214844,
            "10": 41.6811637878418
        },
        "train_acc": {
            "0": 0.078125,
            "1": 0.0703125,
            "2": 0.1484375,
            "3": 0.0546875,
            "4": 0.078125,
            "5": 0.21875,
            "6": 0.375,
            "7": 0.578125,
            "8": 0.53125,
            "9": 0.6015625,
            "10": 0.6484375
        },
        "test_acc": {
            "0": 0.1015625,
            "1": 0.0625,
            "2": 0.078125,
            "3": 0.09375,
            "4": 0.09375,
            "5": 0.265625,
            "6": 0.40625,
            "7": 0.5390625,
            "8": 0.6015625,
            "9": 0.6640625,
            "10": 0.6171875
        }
    },
    "statistics_data": {
        "TP": {
            "0": 969,
            "1": 1063,
            "2": 690,
            "3": 837,
            "4": 279,
            "5": 50,
            "6": 781,
            "7": 871,
            "8": 198,
            "9": 774
        },
        "TN": {
            "0": 6928,
            "1": 8770,
            "2": 8906,
            "3": 8603,
            "4": 8980,
            "5": 9094,
            "6": 8946,
            "7": 8782,
            "8": 8994,
            "9": 8381
        },
        "FP": {
            "0": 2079,
            "1": 80,
            "2": 47,
            "3": 372,
            "4": 25,
            "5": 1,
            "6": 80,
            "7": 176,
            "8": 17,
            "9": 595
        },
        "FN": {
            "0": 8,
            "1": 71,
            "2": 341,
            "3": 172,
            "4": 700,
            "5": 839,
            "6": 177,
            "7": 155,
            "8": 775,
            "9": 234
        },
        "Precision": {
            "0": 0.31791338582677164,
            "1": 0.9300087489063867,
            "2": 0.9362279511533242,
            "3": 0.6923076923076923,
            "4": 0.9177631578947368,
            "5": 0.9803921568627451,
            "6": 0.9070847851335656,
            "7": 0.8319006685768864,
            "8": 0.9209302325581395,
            "9": 0.5653761869978087
        },
        "Recall": {
            "0": 0.9918116683725691,
            "1": 0.937389770723104,
            "2": 0.6692531522793405,
            "3": 0.8295341922695738,
            "4": 0.2849846782431052,
            "5": 0.0562429696287964,
            "6": 0.8152400835073069,
            "7": 0.8489278752436648,
            "8": 0.20349434737923947,
            "9": 0.7678571428571429
        },
        "F1 Score": {
            "0": 0.48149068322981364,
            "1": 0.9336846728151077,
            "2": 0.7805429864253393,
            "3": 0.7547339945897205,
            "4": 0.43491816056118465,
            "5": 0.10638297872340426,
            "6": 0.8587135788894997,
            "7": 0.8403280270139893,
            "8": 0.3333333333333333,
            "9": 0.6512410601598654
        },
        "Test Accuracy": {
            "0": 0.930448717948718,
            "1": NaN,
            "2": NaN,
            "3": NaN,
            "4": NaN,
            "5": NaN,
            "6": NaN,
            "7": NaN,
            "8": NaN,
            "9": NaN
        },
        "Test Loss": {
            "0": 41.6811637878418,
            "1": NaN,
            "2": NaN,
            "3": NaN,
            "4": NaN,
            "5": NaN,
            "6": NaN,
            "7": NaN,
            "8": NaN,
            "9": NaN
        }
    }
}