{
    "FLOPs": 63520,
    "accuracies": [
        0.8895,
        0.8895,
        0.8896,
        0.8896,
        0.8895,
        0.8895,
        0.8895,
        0.8895,
        0.8897,
        0.8896
    ],
    "train_data": {
        "epoch": {
            "0": 0.0,
            "1": 0.0,
            "2": 0.0,
            "3": 0.0,
            "4": 0.0,
            "5": 0.0,
            "6": 0.0,
            "7": 0.0,
            "8": 0.0,
            "9": 0.0,
            "10": 0.0
        },
        "iteration": {
            "0": 0.0,
            "1": 50.0,
            "2": 100.0,
            "3": 150.0,
            "4": 200.0,
            "5": 250.0,
            "6": 300.0,
            "7": 350.0,
            "8": 400.0,
            "9": 450.0,
            "10": 467.0
        },
        "train_loss": {
            "0": 6264.7421875,
            "1": 164.58306884765625,
            "2": 190.42269897460938,
            "3": 72.34193420410156,
            "4": 193.50987243652344,
            "5": 51.21167755126953,
            "6": 57.832584381103516,
            "7": 95.99388122558594,
            "8": 52.58441925048828,
            "9": 49.65736389160156,
            "10": 45.63662338256836
        },
        "test_loss": {
            "0": 5363.27734375,
            "1": 133.7268524169922,
            "2": 194.17835998535156,
            "3": 124.9930419921875,
            "4": 42.947052001953125,
            "5": 141.73666381835938,
            "6": 83.27879333496094,
            "7": 25.746065139770508,
            "8": 119.57649993896484,
            "9": 51.85573959350586,
            "10": 40.93671798706055
        },
        "train_acc": {
            "0": 0.1171875,
            "1": 0.6953125,
            "2": 0.7265625,
            "3": 0.7890625,
            "4": 0.828125,
            "5": 0.90625,
            "6": 0.8359375,
            "7": 0.90625,
            "8": 0.90625,
            "9": 0.8984375,
            "10": 0.9375
        },
        "test_acc": {
            "0": 0.15625,
            "1": 0.71875,
            "2": 0.765625,
            "3": 0.8515625,
            "4": 0.8125,
            "5": 0.875,
            "6": 0.8828125,
            "7": 0.921875,
            "8": 0.8984375,
            "9": 0.8828125,
            "10": 0.90625
        }
    },
    "statistics_data": {
        "TP": {
            "0": 947,
            "1": 1106,
            "2": 924,
            "3": 918,
            "4": 890,
            "5": 684,
            "6": 845,
            "7": 951,
            "8": 757,
            "9": 873
        },
        "TN": {
            "0": 8899,
            "1": 8815,
            "2": 8839,
            "3": 8788,
            "4": 8901,
            "5": 8969,
            "6": 8917,
            "7": 8863,
            "8": 8929,
            "9": 8847
        },
        "FP": {
            "0": 107,
            "1": 37,
            "2": 113,
            "3": 189,
            "4": 101,
            "5": 123,
            "6": 112,
            "7": 93,
            "8": 84,
            "9": 130
        },
        "FN": {
            "0": 31,
            "1": 26,
            "2": 108,
            "3": 89,
            "4": 92,
            "5": 208,
            "6": 110,
            "7": 77,
            "8": 214,
            "9": 134
        },
        "Precision": {
            "0": 0.8984819734345351,
            "1": 0.9676290463692039,
            "2": 0.8910318225650916,
            "3": 0.8292682926829268,
            "4": 0.8980827447023209,
            "5": 0.8475836431226765,
            "6": 0.8829676071055381,
            "7": 0.9109195402298851,
            "8": 0.9001189060642093,
            "9": 0.8703888334995015
        },
        "Recall": {
            "0": 0.9683026584867076,
            "1": 0.9770318021201413,
            "2": 0.8953488372093024,
            "3": 0.9116186693147964,
            "4": 0.9063136456211812,
            "5": 0.7668161434977578,
            "6": 0.8848167539267016,
            "7": 0.9250972762645915,
            "8": 0.7796086508753862,
            "9": 0.8669314796425025
        },
        "F1 Score": {
            "0": 0.9320866141732284,
            "1": 0.9723076923076922,
            "2": 0.8931851135814403,
            "3": 0.8684957426679281,
            "4": 0.9021794221996959,
            "5": 0.8051795173631549,
            "6": 0.8838912133891214,
            "7": 0.917953667953668,
            "8": 0.8355408388520972,
            "9": 0.8686567164179104
        },
        "Test Accuracy": {
            "0": 0.9781850961538462,
            "1": NaN,
            "2": NaN,
            "3": NaN,
            "4": NaN,
            "5": NaN,
            "6": NaN,
            "7": NaN,
            "8": NaN,
            "9": NaN
        },
        "Test Loss": {
            "0": 40.93671798706055,
            "1": NaN,
            "2": NaN,
            "3": NaN,
            "4": NaN,
            "5": NaN,
            "6": NaN,
            "7": NaN,
            "8": NaN,
            "9": NaN
        }
    }
}