{
    "FLOPs": 158800,
    "accuracies": [
        0.9255,
        0.9254,
        0.9256,
        0.9254,
        0.9256,
        0.9254,
        0.9254,
        0.9254,
        0.9255,
        0.9255
    ],
    "train_data": {
        "epoch": {
            "0": 0.0,
            "1": 0.0,
            "2": 0.0,
            "3": 0.0,
            "4": 0.0,
            "5": 0.0,
            "6": 0.0,
            "7": 0.0,
            "8": 0.0,
            "9": 0.0,
            "10": 0.0
        },
        "iteration": {
            "0": 0.0,
            "1": 50.0,
            "2": 100.0,
            "3": 150.0,
            "4": 200.0,
            "5": 250.0,
            "6": 300.0,
            "7": 350.0,
            "8": 400.0,
            "9": 450.0,
            "10": 467.0
        },
        "train_loss": {
            "0": 9413.21875,
            "1": 59.75287628173828,
            "2": 61.70136260986328,
            "3": 28.11515235900879,
            "4": 17.43138313293457,
            "5": 44.9588508605957,
            "6": 55.54536819458008,
            "7": 27.409658432006836,
            "8": 58.27915954589844,
            "9": 108.7591323852539,
            "10": 32.2806510925293
        },
        "test_loss": {
            "0": 4284.20263671875,
            "1": 248.6954345703125,
            "2": 77.16478729248047,
            "3": 149.42173767089844,
            "4": 24.83032989501953,
            "5": 47.48396301269531,
            "6": 43.54740524291992,
            "7": 63.79527282714844,
            "8": 49.66708755493164,
            "9": 57.187259674072266,
            "10": 63.09202194213867
        },
        "train_acc": {
            "0": 0.0625,
            "1": 0.890625,
            "2": 0.875,
            "3": 0.9296875,
            "4": 0.9453125,
            "5": 0.921875,
            "6": 0.9453125,
            "7": 0.9296875,
            "8": 0.9375,
            "9": 0.90625,
            "10": 0.9296875
        },
        "test_acc": {
            "0": 0.0703125,
            "1": 0.90625,
            "2": 0.890625,
            "3": 0.890625,
            "4": 0.953125,
            "5": 0.9296875,
            "6": 0.921875,
            "7": 0.8984375,
            "8": 0.953125,
            "9": 0.890625,
            "10": 0.9375
        }
    },
    "statistics_data": {
        "TP": {
            "0": 958,
            "1": 1108,
            "2": 993,
            "3": 876,
            "4": 927,
            "5": 752,
            "6": 916,
            "7": 963,
            "8": 883,
            "9": 879
        },
        "TN": {
            "0": 8919,
            "1": 8821,
            "2": 8804,
            "3": 8892,
            "4": 8914,
            "5": 9075,
            "6": 8972,
            "7": 8901,
            "8": 8905,
            "9": 8924
        },
        "FP": {
            "0": 86,
            "1": 29,
            "2": 148,
            "3": 83,
            "4": 89,
            "5": 21,
            "6": 55,
            "7": 57,
            "8": 107,
            "9": 54
        },
        "FN": {
            "0": 21,
            "1": 26,
            "2": 39,
            "3": 133,
            "4": 54,
            "5": 136,
            "6": 41,
            "7": 63,
            "8": 89,
            "9": 127
        },
        "Precision": {
            "0": 0.9176245210727969,
            "1": 0.9744942832014072,
            "2": 0.8702892199824716,
            "3": 0.913451511991658,
            "4": 0.9124015748031497,
            "5": 0.9728331177231565,
            "6": 0.9433573635427395,
            "7": 0.9441176470588235,
            "8": 0.8919191919191919,
            "9": 0.9421221864951769
        },
        "Recall": {
            "0": 0.9785495403472931,
            "1": 0.9770723104056437,
            "2": 0.9622093023255814,
            "3": 0.8681863230921705,
            "4": 0.944954128440367,
            "5": 0.8468468468468469,
            "6": 0.9571577847439916,
            "7": 0.9385964912280702,
            "8": 0.9084362139917695,
            "9": 0.8737574552683897
        },
        "F1 Score": {
            "0": 0.9471082550667325,
            "1": 0.9757815940114487,
            "2": 0.9139438564196963,
            "3": 0.8902439024390244,
            "4": 0.928392588883325,
            "5": 0.905478627332932,
            "6": 0.950207468879668,
            "7": 0.9413489736070381,
            "8": 0.9001019367991845,
            "9": 0.9066529138731304
        },
        "Test Accuracy": {
            "0": 0.9853966346153846,
            "1": NaN,
            "2": NaN,
            "3": NaN,
            "4": NaN,
            "5": NaN,
            "6": NaN,
            "7": NaN,
            "8": NaN,
            "9": NaN
        },
        "Test Loss": {
            "0": 63.09202194213867,
            "1": NaN,
            "2": NaN,
            "3": NaN,
            "4": NaN,
            "5": NaN,
            "6": NaN,
            "7": NaN,
            "8": NaN,
            "9": NaN
        }
    }
}