{
    "FLOPs": 63520,
    "accuracies": [
        0.9197,
        0.9199,
        0.9196,
        0.9196,
        0.9196,
        0.9196,
        0.9196,
        0.9196,
        0.9197,
        0.9196
    ],
    "train_data": {
        "epoch": {
            "0": 0.0,
            "1": 0.0,
            "2": 0.0,
            "3": 0.0,
            "4": 0.0,
            "5": 0.0,
            "6": 0.0,
            "7": 0.0,
            "8": 0.0,
            "9": 0.0,
            "10": 0.0
        },
        "iteration": {
            "0": 0.0,
            "1": 50.0,
            "2": 100.0,
            "3": 150.0,
            "4": 200.0,
            "5": 250.0,
            "6": 300.0,
            "7": 350.0,
            "8": 400.0,
            "9": 450.0,
            "10": 467.0
        },
        "train_loss": {
            "0": 64.12866973876953,
            "1": 29.87944793701172,
            "2": 23.411779403686523,
            "3": 17.73279571533203,
            "4": 14.261091232299805,
            "5": 13.13729190826416,
            "6": 14.179695129394531,
            "7": 9.285398483276367,
            "8": 11.384967803955078,
            "9": 9.4805908203125,
            "10": 13.958401679992676
        },
        "test_loss": {
            "0": 65.01982879638672,
            "1": 31.110553741455078,
            "2": 22.677871704101562,
            "3": 17.66222381591797,
            "4": 15.14680290222168,
            "5": 13.498041152954102,
            "6": 11.902318954467773,
            "7": 9.784729957580566,
            "8": 11.206380844116211,
            "9": 10.846071243286133,
            "10": 10.109475135803223
        },
        "train_acc": {
            "0": 0.1484375,
            "1": 0.8515625,
            "2": 0.8359375,
            "3": 0.9140625,
            "4": 0.9140625,
            "5": 0.90625,
            "6": 0.890625,
            "7": 0.9140625,
            "8": 0.9140625,
            "9": 0.9140625,
            "10": 0.890625
        },
        "test_acc": {
            "0": 0.1171875,
            "1": 0.8203125,
            "2": 0.890625,
            "3": 0.8828125,
            "4": 0.8828125,
            "5": 0.9140625,
            "6": 0.9140625,
            "7": 0.9140625,
            "8": 0.890625,
            "9": 0.8984375,
            "10": 0.9375
        }
    },
    "statistics_data": {
        "TP": {
            "0": 955,
            "1": 1113,
            "2": 927,
            "3": 927,
            "4": 923,
            "5": 764,
            "6": 903,
            "7": 951,
            "8": 836,
            "9": 897
        },
        "TN": {
            "0": 8929,
            "1": 8809,
            "2": 8892,
            "3": 8860,
            "4": 8916,
            "5": 9015,
            "6": 8977,
            "7": 8864,
            "8": 8921,
            "9": 8885
        },
        "FP": {
            "0": 78,
            "1": 42,
            "2": 60,
            "3": 117,
            "4": 87,
            "5": 79,
            "6": 52,
            "7": 92,
            "8": 91,
            "9": 90
        },
        "FN": {
            "0": 22,
            "1": 20,
            "2": 105,
            "3": 80,
            "4": 58,
            "5": 126,
            "6": 52,
            "7": 77,
            "8": 136,
            "9": 112
        },
        "Precision": {
            "0": 0.9244917715392061,
            "1": 0.9636363636363636,
            "2": 0.939209726443769,
            "3": 0.8879310344827587,
            "4": 0.9138613861386139,
            "5": 0.9062870699881376,
            "6": 0.9455497382198953,
            "7": 0.9117929050814957,
            "8": 0.9018338727076591,
            "9": 0.9088145896656535
        },
        "Recall": {
            "0": 0.977482088024565,
            "1": 0.9823477493380406,
            "2": 0.8982558139534884,
            "3": 0.9205561072492552,
            "4": 0.9408766564729868,
            "5": 0.8584269662921349,
            "6": 0.9455497382198953,
            "7": 0.9250972762645915,
            "8": 0.8600823045267489,
            "9": 0.8889990089197225
        },
        "F1 Score": {
            "0": 0.9502487562189055,
            "1": 0.9729020979020979,
            "2": 0.9182763744427934,
            "3": 0.9039492930277914,
            "4": 0.9271722752385737,
            "5": 0.8817080207732256,
            "6": 0.9455497382198953,
            "7": 0.9183969097054564,
            "8": 0.880463401790416,
            "9": 0.8987975951903808
        },
        "Test Accuracy": {
            "0": 0.9842147435897436,
            "1": NaN,
            "2": NaN,
            "3": NaN,
            "4": NaN,
            "5": NaN,
            "6": NaN,
            "7": NaN,
            "8": NaN,
            "9": NaN
        },
        "Test Loss": {
            "0": 10.109475135803223,
            "1": NaN,
            "2": NaN,
            "3": NaN,
            "4": NaN,
            "5": NaN,
            "6": NaN,
            "7": NaN,
            "8": NaN,
            "9": NaN
        }
    }
}