{
    "FLOPs": 95280,
    "accuracies": [
        0.9313,
        0.9314,
        0.9313,
        0.9313,
        0.9315,
        0.9313,
        0.9313,
        0.9313,
        0.9312,
        0.9312
    ],
    "train_data": {
        "epoch": {
            "0": 0.0,
            "1": 0.0,
            "2": 0.0,
            "3": 0.0,
            "4": 0.0,
            "5": 0.0,
            "6": 0.0,
            "7": 0.0,
            "8": 0.0,
            "9": 0.0,
            "10": 0.0
        },
        "iteration": {
            "0": 0.0,
            "1": 50.0,
            "2": 100.0,
            "3": 150.0,
            "4": 200.0,
            "5": 250.0,
            "6": 300.0,
            "7": 350.0,
            "8": 400.0,
            "9": 450.0,
            "10": 467.0
        },
        "train_loss": {
            "0": 6282.228515625,
            "1": 367.9755859375,
            "2": 188.6282501220703,
            "3": 163.75770568847656,
            "4": 84.31324005126953,
            "5": 125.16744995117188,
            "6": 135.33102416992188,
            "7": 60.07286071777344,
            "8": 119.49828338623047,
            "9": 81.85772705078125,
            "10": 14.853758811950684
        },
        "test_loss": {
            "0": 4845.0244140625,
            "1": 163.88671875,
            "2": 68.9207763671875,
            "3": 38.838504791259766,
            "4": 102.44591522216797,
            "5": 48.283939361572266,
            "6": 26.607852935791016,
            "7": 156.76492309570312,
            "8": 52.80228042602539,
            "9": 32.64181900024414,
            "10": 249.75381469726562
        },
        "train_acc": {
            "0": 0.0546875,
            "1": 0.765625,
            "2": 0.875,
            "3": 0.8515625,
            "4": 0.8984375,
            "5": 0.890625,
            "6": 0.90625,
            "7": 0.921875,
            "8": 0.8828125,
            "9": 0.9375,
            "10": 0.953125
        },
        "test_acc": {
            "0": 0.0625,
            "1": 0.765625,
            "2": 0.90625,
            "3": 0.9140625,
            "4": 0.8984375,
            "5": 0.9296875,
            "6": 0.9296875,
            "7": 0.890625,
            "8": 0.9609375,
            "9": 0.9453125,
            "10": 0.9296875
        }
    },
    "statistics_data": {
        "TP": {
            "0": 943,
            "1": 1119,
            "2": 974,
            "3": 944,
            "4": 892,
            "5": 807,
            "6": 901,
            "7": 937,
            "8": 877,
            "9": 919
        },
        "TN": {
            "0": 8968,
            "1": 8817,
            "2": 8891,
            "3": 8896,
            "4": 8948,
            "5": 9008,
            "6": 8977,
            "7": 8880,
            "8": 8944,
            "9": 8856
        },
        "FP": {
            "0": 39,
            "1": 34,
            "2": 61,
            "3": 80,
            "4": 58,
            "5": 86,
            "6": 49,
            "7": 76,
            "8": 67,
            "9": 121
        },
        "FN": {
            "0": 34,
            "1": 14,
            "2": 58,
            "3": 64,
            "4": 86,
            "5": 83,
            "6": 57,
            "7": 91,
            "8": 96,
            "9": 88
        },
        "Precision": {
            "0": 0.960285132382892,
            "1": 0.9705117085862967,
            "2": 0.9410628019323671,
            "3": 0.921875,
            "4": 0.9389473684210526,
            "5": 0.9036954087346024,
            "6": 0.9484210526315789,
            "7": 0.9249753208292202,
            "8": 0.9290254237288136,
            "9": 0.8836538461538461
        },
        "Recall": {
            "0": 0.9651995905834186,
            "1": 0.9876434245366285,
            "2": 0.9437984496124031,
            "3": 0.9365079365079365,
            "4": 0.9120654396728016,
            "5": 0.9067415730337078,
            "6": 0.9405010438413361,
            "7": 0.9114785992217899,
            "8": 0.9013360739979445,
            "9": 0.9126117179741807
        },
        "F1 Score": {
            "0": 0.962736089841756,
            "1": 0.979002624671916,
            "2": 0.9424286405418482,
            "3": 0.9291338582677166,
            "4": 0.925311203319502,
            "5": 0.9052159282108805,
            "6": 0.9444444444444445,
            "7": 0.9181773640372366,
            "8": 0.9149713093375066,
            "9": 0.8978993649242794
        },
        "Test Accuracy": {
            "0": 0.9865584935897436,
            "1": NaN,
            "2": NaN,
            "3": NaN,
            "4": NaN,
            "5": NaN,
            "6": NaN,
            "7": NaN,
            "8": NaN,
            "9": NaN
        },
        "Test Loss": {
            "0": 249.75381469726562,
            "1": NaN,
            "2": NaN,
            "3": NaN,
            "4": NaN,
            "5": NaN,
            "6": NaN,
            "7": NaN,
            "8": NaN,
            "9": NaN
        }
    }
}