{
    "FLOPs": 47640,
    "accuracies": [
        0.5786,
        0.5788,
        0.5788,
        0.579,
        0.5787,
        0.5789,
        0.579,
        0.5788,
        0.5789,
        0.5787
    ],
    "train_data": {
        "epoch": {
            "0": 0.0,
            "1": 0.0,
            "2": 0.0,
            "3": 0.0,
            "4": 0.0,
            "5": 0.0,
            "6": 0.0,
            "7": 0.0,
            "8": 0.0,
            "9": 0.0,
            "10": 0.0
        },
        "iteration": {
            "0": 0.0,
            "1": 50.0,
            "2": 100.0,
            "3": 150.0,
            "4": 200.0,
            "5": 250.0,
            "6": 300.0,
            "7": 350.0,
            "8": 400.0,
            "9": 450.0,
            "10": 467.0
        },
        "train_loss": {
            "0": 57.66210174560547,
            "1": 57.330631256103516,
            "2": 55.66060256958008,
            "3": 54.349639892578125,
            "4": 52.610321044921875,
            "5": 50.437034606933594,
            "6": 48.811614990234375,
            "7": 45.774513244628906,
            "8": 44.50216293334961,
            "9": 44.399925231933594,
            "10": 43.19679260253906
        },
        "test_loss": {
            "0": 57.564292907714844,
            "1": 57.23868942260742,
            "2": 55.92723083496094,
            "3": 54.07311248779297,
            "4": 52.22359848022461,
            "5": 49.927005767822266,
            "6": 48.73714065551758,
            "7": 47.17792510986328,
            "8": 45.533016204833984,
            "9": 43.522396087646484,
            "10": 43.7302360534668
        },
        "train_acc": {
            "0": 0.0625,
            "1": 0.0546875,
            "2": 0.1640625,
            "3": 0.125,
            "4": 0.1015625,
            "5": 0.1640625,
            "6": 0.2265625,
            "7": 0.46875,
            "8": 0.515625,
            "9": 0.515625,
            "10": 0.5546875
        },
        "test_acc": {
            "0": 0.09375,
            "1": 0.078125,
            "2": 0.0859375,
            "3": 0.09375,
            "4": 0.1171875,
            "5": 0.1796875,
            "6": 0.140625,
            "7": 0.3046875,
            "8": 0.4375,
            "9": 0.546875,
            "10": 0.5625
        }
    },
    "statistics_data": {
        "TP": {
            "0": 976,
            "1": 989,
            "2": 813,
            "3": 750,
            "4": 265,
            "5": 16,
            "6": 668,
            "7": 726,
            "8": 128,
            "9": 457
        },
        "TN": {
            "0": 5526,
            "1": 8828,
            "2": 8869,
            "3": 8702,
            "4": 8999,
            "5": 9093,
            "6": 9010,
            "7": 8828,
            "8": 8981,
            "9": 8824
        },
        "FP": {
            "0": 3480,
            "1": 24,
            "2": 87,
            "3": 272,
            "4": 4,
            "5": 0,
            "6": 17,
            "7": 128,
            "8": 30,
            "9": 154
        },
        "FN": {
            "0": 2,
            "1": 143,
            "2": 215,
            "3": 260,
            "4": 716,
            "5": 875,
            "6": 289,
            "7": 302,
            "8": 845,
            "9": 549
        },
        "Precision": {
            "0": 0.21903052064631956,
            "1": 0.9763079960513327,
            "2": 0.9033333333333333,
            "3": 0.7338551859099804,
            "4": 0.9851301115241635,
            "5": 1.0,
            "6": 0.9751824817518249,
            "7": 0.8501170960187353,
            "8": 0.810126582278481,
            "9": 0.7479541734860884
        },
        "Recall": {
            "0": 0.9979550102249489,
            "1": 0.8736749116607774,
            "2": 0.7908560311284046,
            "3": 0.7425742574257426,
            "4": 0.2701325178389399,
            "5": 0.017957351290684626,
            "6": 0.6980146290491118,
            "7": 0.7062256809338522,
            "8": 0.131551901336074,
            "9": 0.4542743538767396
        },
        "F1 Score": {
            "0": 0.35921972764078025,
            "1": 0.9221445221445221,
            "2": 0.8433609958506225,
            "3": 0.7381889763779528,
            "4": 0.424,
            "5": 0.03528114663726572,
            "6": 0.8136419001218027,
            "7": 0.771519659936238,
            "8": 0.22634836427939878,
            "9": 0.5652442795299939
        },
        "Test Accuracy": {
            "0": 0.9159455128205128,
            "1": NaN,
            "2": NaN,
            "3": NaN,
            "4": NaN,
            "5": NaN,
            "6": NaN,
            "7": NaN,
            "8": NaN,
            "9": NaN
        },
        "Test Loss": {
            "0": 43.7302360534668,
            "1": NaN,
            "2": NaN,
            "3": NaN,
            "4": NaN,
            "5": NaN,
            "6": NaN,
            "7": NaN,
            "8": NaN,
            "9": NaN
        }
    }
}