{
    "FLOPs": 95280,
    "accuracies": [
        0.9083,
        0.9087,
        0.9084,
        0.9083,
        0.9082,
        0.9084,
        0.9082,
        0.9082,
        0.9084,
        0.9083
    ],
    "train_data": {
        "epoch": {
            "0": 0.0,
            "1": 0.0,
            "2": 0.0,
            "3": 0.0,
            "4": 0.0,
            "5": 0.0,
            "6": 0.0,
            "7": 0.0,
            "8": 0.0,
            "9": 0.0,
            "10": 0.0
        },
        "iteration": {
            "0": 0.0,
            "1": 50.0,
            "2": 100.0,
            "3": 150.0,
            "4": 200.0,
            "5": 250.0,
            "6": 300.0,
            "7": 350.0,
            "8": 400.0,
            "9": 450.0,
            "10": 467.0
        },
        "train_loss": {
            "0": 7050.68359375,
            "1": 191.94464111328125,
            "2": 85.44157409667969,
            "3": 43.356353759765625,
            "4": 44.18357849121094,
            "5": 68.83381652832031,
            "6": 112.94125366210938,
            "7": 40.99295425415039,
            "8": 55.44076156616211,
            "9": 35.76194381713867,
            "10": 44.93313217163086
        },
        "test_loss": {
            "0": 3496.14892578125,
            "1": 69.82343292236328,
            "2": 98.13912200927734,
            "3": 41.7532844543457,
            "4": 70.40690612792969,
            "5": 100.73777770996094,
            "6": 53.36715316772461,
            "7": 113.43052673339844,
            "8": 145.37042236328125,
            "9": 87.29212951660156,
            "10": 52.38127517700195
        },
        "train_acc": {
            "0": 0.078125,
            "1": 0.6953125,
            "2": 0.8515625,
            "3": 0.890625,
            "4": 0.875,
            "5": 0.8515625,
            "6": 0.8828125,
            "7": 0.9453125,
            "8": 0.875,
            "9": 0.921875,
            "10": 0.9140625
        },
        "test_acc": {
            "0": 0.15625,
            "1": 0.8046875,
            "2": 0.875,
            "3": 0.8671875,
            "4": 0.90625,
            "5": 0.9296875,
            "6": 0.9140625,
            "7": 0.8359375,
            "8": 0.8828125,
            "9": 0.9296875,
            "10": 0.8984375
        }
    },
    "statistics_data": {
        "TP": {
            "0": 962,
            "1": 1114,
            "2": 938,
            "3": 962,
            "4": 888,
            "5": 775,
            "6": 840,
            "7": 855,
            "8": 821,
            "9": 927
        },
        "TN": {
            "0": 8938,
            "1": 8806,
            "2": 8825,
            "3": 8758,
            "4": 8889,
            "5": 9038,
            "6": 8996,
            "7": 8915,
            "8": 8970,
            "9": 8819
        },
        "FP": {
            "0": 66,
            "1": 45,
            "2": 130,
            "3": 217,
            "4": 114,
            "5": 55,
            "6": 32,
            "7": 43,
            "8": 42,
            "9": 158
        },
        "FN": {
            "0": 18,
            "1": 19,
            "2": 91,
            "3": 47,
            "4": 93,
            "5": 116,
            "6": 116,
            "7": 171,
            "8": 151,
            "9": 80
        },
        "Precision": {
            "0": 0.9357976653696498,
            "1": 0.9611734253666955,
            "2": 0.8782771535580525,
            "3": 0.8159457167090755,
            "4": 0.8862275449101796,
            "5": 0.9337349397590361,
            "6": 0.963302752293578,
            "7": 0.9521158129175946,
            "8": 0.951332560834299,
            "9": 0.8543778801843318
        },
        "Recall": {
            "0": 0.9816326530612245,
            "1": 0.9832303618711385,
            "2": 0.9115646258503401,
            "3": 0.9534192269573836,
            "4": 0.9051987767584098,
            "5": 0.8698092031425365,
            "6": 0.8786610878661087,
            "7": 0.8333333333333334,
            "8": 0.8446502057613169,
            "9": 0.9205561072492552
        },
        "F1 Score": {
            "0": 0.9581673306772909,
            "1": 0.9720767888307156,
            "2": 0.894611349546972,
            "3": 0.8793418647166361,
            "4": 0.8956127080181543,
            "5": 0.9006391632771644,
            "6": 0.9190371991247264,
            "7": 0.8887733887733887,
            "8": 0.8948228882833787,
            "9": 0.8862332695984704
        },
        "Test Accuracy": {
            "0": 0.9819310897435898,
            "1": NaN,
            "2": NaN,
            "3": NaN,
            "4": NaN,
            "5": NaN,
            "6": NaN,
            "7": NaN,
            "8": NaN,
            "9": NaN
        },
        "Test Loss": {
            "0": 52.38127517700195,
            "1": NaN,
            "2": NaN,
            "3": NaN,
            "4": NaN,
            "5": NaN,
            "6": NaN,
            "7": NaN,
            "8": NaN,
            "9": NaN
        }
    }
}