{
    "FLOPs": 31760,
    "accuracies": [
        0.9051,
        0.9049,
        0.9049,
        0.9049,
        0.9052,
        0.9049,
        0.905,
        0.9049,
        0.9051,
        0.905
    ],
    "train_data": {
        "epoch": {
            "0": 0.0,
            "1": 0.0,
            "2": 0.0,
            "3": 0.0,
            "4": 0.0,
            "5": 0.0,
            "6": 0.0,
            "7": 0.0,
            "8": 0.0,
            "9": 0.0,
            "10": 0.0
        },
        "iteration": {
            "0": 0.0,
            "1": 50.0,
            "2": 100.0,
            "3": 150.0,
            "4": 200.0,
            "5": 250.0,
            "6": 300.0,
            "7": 350.0,
            "8": 400.0,
            "9": 450.0,
            "10": 467.0
        },
        "train_loss": {
            "0": 66.85404968261719,
            "1": 39.92799758911133,
            "2": 32.549983978271484,
            "3": 28.532499313354492,
            "4": 21.249887466430664,
            "5": 20.663143157958984,
            "6": 18.794614791870117,
            "7": 18.058279037475586,
            "8": 15.745667457580566,
            "9": 15.200376510620117,
            "10": 12.955344200134277
        },
        "test_loss": {
            "0": 65.95181274414062,
            "1": 39.93990707397461,
            "2": 32.91098403930664,
            "3": 26.796533584594727,
            "4": 23.215984344482422,
            "5": 22.633834838867188,
            "6": 17.667362213134766,
            "7": 16.77512550354004,
            "8": 15.669368743896484,
            "9": 10.738965034484863,
            "10": 12.46099853515625
        },
        "train_acc": {
            "0": 0.09375,
            "1": 0.6953125,
            "2": 0.8125,
            "3": 0.75,
            "4": 0.8984375,
            "5": 0.875,
            "6": 0.828125,
            "7": 0.8828125,
            "8": 0.8828125,
            "9": 0.8984375,
            "10": 0.9296875
        },
        "test_acc": {
            "0": 0.0703125,
            "1": 0.7265625,
            "2": 0.78125,
            "3": 0.8125,
            "4": 0.8671875,
            "5": 0.828125,
            "6": 0.8828125,
            "7": 0.921875,
            "8": 0.9140625,
            "9": 0.9765625,
            "10": 0.9375
        }
    },
    "statistics_data": {
        "TP": {
            "0": 953,
            "1": 1113,
            "2": 901,
            "3": 913,
            "4": 912,
            "5": 699,
            "6": 903,
            "7": 932,
            "8": 824,
            "9": 902
        },
        "TN": {
            "0": 8938,
            "1": 8796,
            "2": 8880,
            "3": 8821,
            "4": 8888,
            "5": 9034,
            "6": 8954,
            "7": 8869,
            "8": 8880,
            "9": 8864
        },
        "FP": {
            "0": 66,
            "1": 56,
            "2": 74,
            "3": 154,
            "4": 114,
            "5": 60,
            "6": 73,
            "7": 90,
            "8": 131,
            "9": 114
        },
        "FN": {
            "0": 27,
            "1": 19,
            "2": 129,
            "3": 96,
            "4": 70,
            "5": 191,
            "6": 54,
            "7": 93,
            "8": 149,
            "9": 104
        },
        "Precision": {
            "0": 0.9352306182531894,
            "1": 0.9520958083832335,
            "2": 0.9241025641025641,
            "3": 0.8556701030927835,
            "4": 0.8888888888888888,
            "5": 0.9209486166007905,
            "6": 0.9252049180327869,
            "7": 0.9119373776908023,
            "8": 0.86282722513089,
            "9": 0.8877952755905512
        },
        "Recall": {
            "0": 0.9724489795918367,
            "1": 0.9832155477031802,
            "2": 0.874757281553398,
            "3": 0.9048562933597621,
            "4": 0.9287169042769857,
            "5": 0.7853932584269663,
            "6": 0.9435736677115988,
            "7": 0.9092682926829269,
            "8": 0.8468653648509764,
            "9": 0.8966202783300199
        },
        "F1 Score": {
            "0": 0.9534767383691846,
            "1": 0.9674054758800522,
            "2": 0.8987531172069826,
            "3": 0.8795761078998073,
            "4": 0.9083665338645417,
            "5": 0.8477865372953305,
            "6": 0.934299017071909,
            "7": 0.9106008793356132,
            "8": 0.8547717842323652,
            "9": 0.8921859545004945
        },
        "Test Accuracy": {
            "0": 0.9813301282051282,
            "1": NaN,
            "2": NaN,
            "3": NaN,
            "4": NaN,
            "5": NaN,
            "6": NaN,
            "7": NaN,
            "8": NaN,
            "9": NaN
        },
        "Test Loss": {
            "0": 12.46099853515625,
            "1": NaN,
            "2": NaN,
            "3": NaN,
            "4": NaN,
            "5": NaN,
            "6": NaN,
            "7": NaN,
            "8": NaN,
            "9": NaN
        }
    }
}