{
    "FLOPs": 47640,
    "accuracies": [
        0.8944,
        0.8947,
        0.8944,
        0.8944,
        0.8944,
        0.8945,
        0.8944,
        0.8944,
        0.8943,
        0.8946
    ],
    "train_data": {
        "epoch": {
            "0": 0.0,
            "1": 0.0,
            "2": 0.0,
            "3": 0.0,
            "4": 0.0,
            "5": 0.0,
            "6": 0.0,
            "7": 0.0,
            "8": 0.0,
            "9": 0.0,
            "10": 0.0
        },
        "iteration": {
            "0": 0.0,
            "1": 50.0,
            "2": 100.0,
            "3": 150.0,
            "4": 200.0,
            "5": 250.0,
            "6": 300.0,
            "7": 350.0,
            "8": 400.0,
            "9": 450.0,
            "10": 467.0
        },
        "train_loss": {
            "0": 6321.2734375,
            "1": 165.67977905273438,
            "2": 175.01393127441406,
            "3": 100.94037628173828,
            "4": 50.465457916259766,
            "5": 65.35383605957031,
            "6": 127.86986541748047,
            "7": 32.7528076171875,
            "8": 137.57180786132812,
            "9": 53.527095794677734,
            "10": 32.24043273925781
        },
        "test_loss": {
            "0": 3879.7548828125,
            "1": 79.04312133789062,
            "2": 149.28720092773438,
            "3": 90.39216613769531,
            "4": 163.0179443359375,
            "5": 72.14318084716797,
            "6": 115.7087631225586,
            "7": 33.260250091552734,
            "8": 49.903663635253906,
            "9": 98.72416687011719,
            "10": 84.0755615234375
        },
        "train_acc": {
            "0": 0.2265625,
            "1": 0.78125,
            "2": 0.7890625,
            "3": 0.78125,
            "4": 0.921875,
            "5": 0.8359375,
            "6": 0.90625,
            "7": 0.90625,
            "8": 0.8359375,
            "9": 0.9140625,
            "10": 0.9375
        },
        "test_acc": {
            "0": 0.171875,
            "1": 0.7578125,
            "2": 0.828125,
            "3": 0.8125,
            "4": 0.8203125,
            "5": 0.890625,
            "6": 0.921875,
            "7": 0.921875,
            "8": 0.90625,
            "9": 0.875,
            "10": 0.875
        }
    },
    "statistics_data": {
        "TP": {
            "0": 964,
            "1": 1080,
            "2": 942,
            "3": 878,
            "4": 825,
            "5": 737,
            "6": 881,
            "7": 936,
            "8": 838,
            "9": 862
        },
        "TN": {
            "0": 8910,
            "1": 8815,
            "2": 8823,
            "3": 8864,
            "4": 8909,
            "5": 8959,
            "6": 8988,
            "7": 8884,
            "8": 8857,
            "9": 8806
        },
        "FP": {
            "0": 98,
            "1": 35,
            "2": 132,
            "3": 110,
            "4": 96,
            "5": 135,
            "6": 39,
            "7": 73,
            "8": 154,
            "9": 169
        },
        "FN": {
            "0": 12,
            "1": 54,
            "2": 87,
            "3": 132,
            "4": 154,
            "5": 153,
            "6": 76,
            "7": 91,
            "8": 135,
            "9": 147
        },
        "Precision": {
            "0": 0.9077212806026366,
            "1": 0.968609865470852,
            "2": 0.8770949720670391,
            "3": 0.888663967611336,
            "4": 0.8957654723127035,
            "5": 0.8451834862385321,
            "6": 0.9576086956521739,
            "7": 0.9276511397423192,
            "8": 0.844758064516129,
            "9": 0.8360814742967992
        },
        "Recall": {
            "0": 0.9877049180327869,
            "1": 0.9523809523809523,
            "2": 0.9154518950437318,
            "3": 0.8693069306930693,
            "4": 0.8426966292134831,
            "5": 0.8280898876404494,
            "6": 0.9205851619644723,
            "7": 0.9113924050632911,
            "8": 0.8612538540596094,
            "9": 0.8543111992071358
        },
        "F1 Score": {
            "0": 0.9460255152109912,
            "1": 0.9604268563806136,
            "2": 0.8958630527817404,
            "3": 0.8788788788788788,
            "4": 0.8684210526315789,
            "5": 0.8365493757094211,
            "6": 0.9387320191795417,
            "7": 0.919449901768173,
            "8": 0.8529262086513995,
            "9": 0.8450980392156864
        },
        "Test Accuracy": {
            "0": 0.9791466346153846,
            "1": NaN,
            "2": NaN,
            "3": NaN,
            "4": NaN,
            "5": NaN,
            "6": NaN,
            "7": NaN,
            "8": NaN,
            "9": NaN
        },
        "Test Loss": {
            "0": 84.0755615234375,
            "1": NaN,
            "2": NaN,
            "3": NaN,
            "4": NaN,
            "5": NaN,
            "6": NaN,
            "7": NaN,
            "8": NaN,
            "9": NaN
        }
    }
}