{
    "FLOPs": 127040,
    "accuracies": [
        0.7177,
        0.7179,
        0.7179,
        0.7178,
        0.7177,
        0.7181,
        0.7182,
        0.7179,
        0.718,
        0.7178
    ],
    "train_data": {
        "epoch": {
            "0": 0.0,
            "1": 0.0,
            "2": 0.0,
            "3": 0.0,
            "4": 0.0,
            "5": 0.0,
            "6": 0.0,
            "7": 0.0,
            "8": 0.0,
            "9": 0.0,
            "10": 0.0
        },
        "iteration": {
            "0": 0.0,
            "1": 50.0,
            "2": 100.0,
            "3": 150.0,
            "4": 200.0,
            "5": 250.0,
            "6": 300.0,
            "7": 350.0,
            "8": 400.0,
            "9": 450.0,
            "10": 467.0
        },
        "train_loss": {
            "0": 57.61399459838867,
            "1": 56.95966339111328,
            "2": 53.47563171386719,
            "3": 51.34644317626953,
            "4": 47.23671340942383,
            "5": 44.826866149902344,
            "6": 44.07889938354492,
            "7": 41.08116149902344,
            "8": 39.023597717285156,
            "9": 37.14474105834961,
            "10": 36.951446533203125
        },
        "test_loss": {
            "0": 57.557682037353516,
            "1": 56.80747604370117,
            "2": 54.743186950683594,
            "3": 51.10515213012695,
            "4": 47.031761169433594,
            "5": 44.63386535644531,
            "6": 44.07230758666992,
            "7": 39.63032150268555,
            "8": 40.38947296142578,
            "9": 39.66355514526367,
            "10": 37.183109283447266
        },
        "train_acc": {
            "0": 0.0859375,
            "1": 0.1015625,
            "2": 0.1640625,
            "3": 0.1484375,
            "4": 0.34375,
            "5": 0.53125,
            "6": 0.5859375,
            "7": 0.625,
            "8": 0.734375,
            "9": 0.734375,
            "10": 0.6796875
        },
        "test_acc": {
            "0": 0.1171875,
            "1": 0.078125,
            "2": 0.0546875,
            "3": 0.140625,
            "4": 0.40625,
            "5": 0.5234375,
            "6": 0.484375,
            "7": 0.6875,
            "8": 0.6328125,
            "9": 0.671875,
            "10": 0.6953125
        }
    },
    "statistics_data": {
        "TP": {
            "0": 967,
            "1": 1077,
            "2": 790,
            "3": 848,
            "4": 471,
            "5": 140,
            "6": 856,
            "7": 908,
            "8": 371,
            "9": 751
        },
        "TN": {
            "0": 7787,
            "1": 8763,
            "2": 8867,
            "3": 8578,
            "4": 8941,
            "5": 9092,
            "6": 8895,
            "7": 8692,
            "8": 8967,
            "9": 8469
        },
        "FP": {
            "0": 1218,
            "1": 90,
            "2": 87,
            "3": 396,
            "4": 61,
            "5": 1,
            "6": 134,
            "7": 266,
            "8": 44,
            "9": 508
        },
        "FN": {
            "0": 12,
            "1": 54,
            "2": 240,
            "3": 162,
            "4": 511,
            "5": 751,
            "6": 99,
            "7": 118,
            "8": 602,
            "9": 256
        },
        "Precision": {
            "0": 0.4425629290617849,
            "1": 0.922879177377892,
            "2": 0.9007981755986317,
            "3": 0.6816720257234726,
            "4": 0.8853383458646616,
            "5": 0.9929078014184397,
            "6": 0.8646464646464647,
            "7": 0.7734241908006815,
            "8": 0.8939759036144578,
            "9": 0.596505162827641
        },
        "Recall": {
            "0": 0.9877425944841676,
            "1": 0.9522546419098143,
            "2": 0.7669902912621359,
            "3": 0.8396039603960396,
            "4": 0.47963340122199594,
            "5": 0.15712682379349047,
            "6": 0.8963350785340314,
            "7": 0.884990253411306,
            "8": 0.381294964028777,
            "9": 0.7457795431976166
        },
        "F1 Score": {
            "0": 0.6112515802781289,
            "1": 0.9373368146214099,
            "2": 0.8285264813843733,
            "3": 0.7524401064773735,
            "4": 0.6221928665785997,
            "5": 0.2713178294573644,
            "6": 0.8802056555269923,
            "7": 0.8254545454545454,
            "8": 0.5345821325648416,
            "9": 0.6628420123565755
        },
        "Test Accuracy": {
            "0": 0.9438100961538461,
            "1": NaN,
            "2": NaN,
            "3": NaN,
            "4": NaN,
            "5": NaN,
            "6": NaN,
            "7": NaN,
            "8": NaN,
            "9": NaN
        },
        "Test Loss": {
            "0": 37.183109283447266,
            "1": NaN,
            "2": NaN,
            "3": NaN,
            "4": NaN,
            "5": NaN,
            "6": NaN,
            "7": NaN,
            "8": NaN,
            "9": NaN
        }
    }
}