{
    "FLOPs": 39700,
    "accuracies": [
        0.8968,
        0.8969,
        0.8969,
        0.8968,
        0.8968,
        0.897,
        0.897,
        0.897,
        0.8967,
        0.8972
    ],
    "train_data": {
        "epoch": {
            "0": 0.0,
            "1": 0.0,
            "2": 0.0,
            "3": 0.0,
            "4": 0.0,
            "5": 0.0,
            "6": 0.0,
            "7": 0.0,
            "8": 0.0,
            "9": 0.0,
            "10": 0.0
        },
        "iteration": {
            "0": 0.0,
            "1": 50.0,
            "2": 100.0,
            "3": 150.0,
            "4": 200.0,
            "5": 250.0,
            "6": 300.0,
            "7": 350.0,
            "8": 400.0,
            "9": 450.0,
            "10": 467.0
        },
        "train_loss": {
            "0": 5045.6201171875,
            "1": 87.72974395751953,
            "2": 228.67039489746094,
            "3": 67.88365173339844,
            "4": 107.93974304199219,
            "5": 83.44865417480469,
            "6": 151.96621704101562,
            "7": 79.48011779785156,
            "8": 42.265403747558594,
            "9": 96.35806274414062,
            "10": 91.82290649414062
        },
        "test_loss": {
            "0": 4386.7646484375,
            "1": 302.3184509277344,
            "2": 120.6633529663086,
            "3": 56.03780746459961,
            "4": 177.63136291503906,
            "5": 121.7575912475586,
            "6": 57.60325241088867,
            "7": 115.29534149169922,
            "8": 76.81101989746094,
            "9": 56.86351013183594,
            "10": 35.531436920166016
        },
        "train_acc": {
            "0": 0.2265625,
            "1": 0.6875,
            "2": 0.7265625,
            "3": 0.8125,
            "4": 0.875,
            "5": 0.8828125,
            "6": 0.859375,
            "7": 0.890625,
            "8": 0.8828125,
            "9": 0.890625,
            "10": 0.9140625
        },
        "test_acc": {
            "0": 0.0859375,
            "1": 0.65625,
            "2": 0.7578125,
            "3": 0.84375,
            "4": 0.8203125,
            "5": 0.890625,
            "6": 0.859375,
            "7": 0.8515625,
            "8": 0.9140625,
            "9": 0.90625,
            "10": 0.9453125
        }
    },
    "statistics_data": {
        "TP": {
            "0": 956,
            "1": 1069,
            "2": 912,
            "3": 879,
            "4": 827,
            "5": 767,
            "6": 901,
            "7": 918,
            "8": 846,
            "9": 896
        },
        "TN": {
            "0": 8937,
            "1": 8830,
            "2": 8838,
            "3": 8873,
            "4": 8923,
            "5": 8943,
            "6": 8948,
            "7": 8888,
            "8": 8869,
            "9": 8794
        },
        "FP": {
            "0": 69,
            "1": 22,
            "2": 114,
            "3": 104,
            "4": 81,
            "5": 150,
            "6": 78,
            "7": 69,
            "8": 142,
            "9": 184
        },
        "FN": {
            "0": 22,
            "1": 63,
            "2": 120,
            "3": 128,
            "4": 153,
            "5": 124,
            "6": 57,
            "7": 109,
            "8": 127,
            "9": 110
        },
        "Precision": {
            "0": 0.9326829268292683,
            "1": 0.9798350137488543,
            "2": 0.8888888888888888,
            "3": 0.8942014242115972,
            "4": 0.9107929515418502,
            "5": 0.836423118865867,
            "6": 0.9203268641470889,
            "7": 0.9300911854103343,
            "8": 0.8562753036437247,
            "9": 0.8296296296296296
        },
        "Recall": {
            "0": 0.9775051124744376,
            "1": 0.9443462897526502,
            "2": 0.8837209302325582,
            "3": 0.8728897715988083,
            "4": 0.8438775510204082,
            "5": 0.8608305274971941,
            "6": 0.9405010438413361,
            "7": 0.8938656280428432,
            "8": 0.869475847893114,
            "9": 0.8906560636182903
        },
        "F1 Score": {
            "0": 0.9545681477783325,
            "1": 0.9617633828160145,
            "2": 0.8862973760932944,
            "3": 0.8834170854271357,
            "4": 0.8760593220338984,
            "5": 0.8484513274336283,
            "6": 0.930304594734125,
            "7": 0.9116186693147964,
            "8": 0.8628250892401835,
            "9": 0.8590604026845637
        },
        "Test Accuracy": {
            "0": 0.979707532051282,
            "1": NaN,
            "2": NaN,
            "3": NaN,
            "4": NaN,
            "5": NaN,
            "6": NaN,
            "7": NaN,
            "8": NaN,
            "9": NaN
        },
        "Test Loss": {
            "0": 35.531436920166016,
            "1": NaN,
            "2": NaN,
            "3": NaN,
            "4": NaN,
            "5": NaN,
            "6": NaN,
            "7": NaN,
            "8": NaN,
            "9": NaN
        }
    }
}