{
    "FLOPs": 23820,
    "accuracies": [
        0.5492,
        0.5495,
        0.5492,
        0.5489,
        0.5489,
        0.5492,
        0.5493,
        0.5491,
        0.5491,
        0.5491
    ],
    "train_data": {
        "epoch": {
            "0": 0.0,
            "1": 0.0,
            "2": 0.0,
            "3": 0.0,
            "4": 0.0,
            "5": 0.0,
            "6": 0.0,
            "7": 0.0,
            "8": 0.0,
            "9": 0.0,
            "10": 0.0
        },
        "iteration": {
            "0": 0.0,
            "1": 50.0,
            "2": 100.0,
            "3": 150.0,
            "4": 200.0,
            "5": 250.0,
            "6": 300.0,
            "7": 350.0,
            "8": 400.0,
            "9": 450.0,
            "10": 467.0
        },
        "train_loss": {
            "0": 11125.4375,
            "1": 2250.042724609375,
            "2": 676.5928955078125,
            "3": 697.7950439453125,
            "4": 619.6519775390625,
            "5": 577.8366088867188,
            "6": 490.82763671875,
            "7": 329.60711669921875,
            "8": 507.5651550292969,
            "9": 255.28402709960938,
            "10": 695.4036254882812
        },
        "test_loss": {
            "0": 9228.84765625,
            "1": 2342.216552734375,
            "2": 811.1691284179688,
            "3": 769.2991333007812,
            "4": 788.9243774414062,
            "5": 688.2617797851562,
            "6": 752.895751953125,
            "7": 315.4720458984375,
            "8": 367.74798583984375,
            "9": 374.4962158203125,
            "10": 529.7930908203125
        },
        "train_acc": {
            "0": 0.1328125,
            "1": 0.421875,
            "2": 0.515625,
            "3": 0.5390625,
            "4": 0.5703125,
            "5": 0.5703125,
            "6": 0.5625,
            "7": 0.4765625,
            "8": 0.515625,
            "9": 0.546875,
            "10": 0.4453125
        },
        "test_acc": {
            "0": 0.1328125,
            "1": 0.3984375,
            "2": 0.4453125,
            "3": 0.4375,
            "4": 0.5078125,
            "5": 0.5703125,
            "6": 0.5390625,
            "7": 0.4765625,
            "8": 0.5,
            "9": 0.515625,
            "10": 0.5390625
        }
    },
    "statistics_data": {
        "TP": {
            "0": 945,
            "1": 777,
            "2": 858,
            "3": 289,
            "4": 804,
            "5": 357,
            "6": 838,
            "7": 486,
            "8": 59,
            "9": 79
        },
        "TN": {
            "0": 4877,
            "1": 8827,
            "2": 8880,
            "3": 8919,
            "4": 8938,
            "5": 9064,
            "6": 8986,
            "7": 8906,
            "8": 8997,
            "9": 8970
        },
        "FP": {
            "0": 4129,
            "1": 22,
            "2": 73,
            "3": 57,
            "4": 69,
            "5": 29,
            "6": 42,
            "7": 50,
            "8": 15,
            "9": 6
        },
        "FN": {
            "0": 33,
            "1": 358,
            "2": 173,
            "3": 719,
            "4": 173,
            "5": 534,
            "6": 118,
            "7": 542,
            "8": 913,
            "9": 929
        },
        "Precision": {
            "0": 0.18624359479700434,
            "1": 0.9724655819774718,
            "2": 0.9215896885069818,
            "3": 0.8352601156069365,
            "4": 0.9209621993127147,
            "5": 0.9248704663212435,
            "6": 0.9522727272727273,
            "7": 0.9067164179104478,
            "8": 0.7972972972972973,
            "9": 0.9294117647058824
        },
        "Recall": {
            "0": 0.9662576687116564,
            "1": 0.6845814977973568,
            "2": 0.8322017458777885,
            "3": 0.2867063492063492,
            "4": 0.8229273285568065,
            "5": 0.4006734006734007,
            "6": 0.8765690376569037,
            "7": 0.4727626459143969,
            "8": 0.060699588477366256,
            "9": 0.07837301587301587
        },
        "F1 Score": {
            "0": 0.31229345670852615,
            "1": 0.8035160289555325,
            "2": 0.8746177370030581,
            "3": 0.42688330871491875,
            "4": 0.8691891891891891,
            "5": 0.5591229444009397,
            "6": 0.9128540305010894,
            "7": 0.6214833759590793,
            "8": 0.11281070745697898,
            "9": 0.14455626715462033
        },
        "Test Accuracy": {
            "0": 0.9100160256410257,
            "1": NaN,
            "2": NaN,
            "3": NaN,
            "4": NaN,
            "5": NaN,
            "6": NaN,
            "7": NaN,
            "8": NaN,
            "9": NaN
        },
        "Test Loss": {
            "0": 529.7930908203125,
            "1": NaN,
            "2": NaN,
            "3": NaN,
            "4": NaN,
            "5": NaN,
            "6": NaN,
            "7": NaN,
            "8": NaN,
            "9": NaN
        }
    }
}