{
    "FLOPs": 142920,
    "accuracies": [
        0.8992,
        0.8991,
        0.8991,
        0.8992,
        0.8991,
        0.8992,
        0.8993,
        0.8992,
        0.8992,
        0.899
    ],
    "train_data": {
        "epoch": {
            "0": 0.0,
            "1": 0.0,
            "2": 0.0,
            "3": 0.0,
            "4": 0.0,
            "5": 0.0,
            "6": 0.0,
            "7": 0.0,
            "8": 0.0,
            "9": 0.0,
            "10": 0.0
        },
        "iteration": {
            "0": 0.0,
            "1": 50.0,
            "2": 100.0,
            "3": 150.0,
            "4": 200.0,
            "5": 250.0,
            "6": 300.0,
            "7": 350.0,
            "8": 400.0,
            "9": 450.0,
            "10": 467.0
        },
        "train_loss": {
            "0": 9186.1611328125,
            "1": 95.66737365722656,
            "2": 53.93134689331055,
            "3": 66.83185577392578,
            "4": 134.2419891357422,
            "5": 54.57282638549805,
            "6": 70.00133514404297,
            "7": 52.179962158203125,
            "8": 29.809202194213867,
            "9": 67.52103424072266,
            "10": 72.82821655273438
        },
        "test_loss": {
            "0": 5393.6669921875,
            "1": 157.54348754882812,
            "2": 75.32406616210938,
            "3": 146.08311462402344,
            "4": 57.638519287109375,
            "5": 46.495277404785156,
            "6": 147.05397033691406,
            "7": 49.29950714111328,
            "8": 108.95155334472656,
            "9": 33.76365661621094,
            "10": 23.24117660522461
        },
        "train_acc": {
            "0": 0.109375,
            "1": 0.859375,
            "2": 0.828125,
            "3": 0.875,
            "4": 0.8125,
            "5": 0.890625,
            "6": 0.875,
            "7": 0.8984375,
            "8": 0.90625,
            "9": 0.90625,
            "10": 0.875
        },
        "test_acc": {
            "0": 0.1015625,
            "1": 0.7578125,
            "2": 0.8046875,
            "3": 0.8359375,
            "4": 0.90625,
            "5": 0.96875,
            "6": 0.859375,
            "7": 0.90625,
            "8": 0.8671875,
            "9": 0.90625,
            "10": 0.9375
        }
    },
    "statistics_data": {
        "TP": {
            "0": 958,
            "1": 1107,
            "2": 846,
            "3": 959,
            "4": 931,
            "5": 627,
            "6": 891,
            "7": 885,
            "8": 893,
            "9": 896
        },
        "TN": {
            "0": 8935,
            "1": 8807,
            "2": 8925,
            "3": 8616,
            "4": 8888,
            "5": 9068,
            "6": 8980,
            "7": 8934,
            "8": 8857,
            "9": 8855
        },
        "FP": {
            "0": 70,
            "1": 43,
            "2": 29,
            "3": 359,
            "4": 117,
            "5": 24,
            "6": 50,
            "7": 25,
            "8": 153,
            "9": 121
        },
        "FN": {
            "0": 21,
            "1": 27,
            "2": 184,
            "3": 50,
            "4": 48,
            "5": 265,
            "6": 63,
            "7": 140,
            "8": 81,
            "9": 112
        },
        "Precision": {
            "0": 0.9319066147859922,
            "1": 0.9626086956521739,
            "2": 0.9668571428571429,
            "3": 0.7276176024279211,
            "4": 0.8883587786259542,
            "5": 0.9631336405529954,
            "6": 0.946865037194474,
            "7": 0.9725274725274725,
            "8": 0.8537284894837476,
            "9": 0.8810226155358899
        },
        "Recall": {
            "0": 0.9785495403472931,
            "1": 0.9761904761904762,
            "2": 0.8213592233009709,
            "3": 0.9504459861248761,
            "4": 0.95097037793667,
            "5": 0.702914798206278,
            "6": 0.9339622641509434,
            "7": 0.8634146341463415,
            "8": 0.9168377823408624,
            "9": 0.8888888888888888
        },
        "F1 Score": {
            "0": 0.9546586945690085,
            "1": 0.9693520140105079,
            "2": 0.8881889763779527,
            "3": 0.8242372152986678,
            "4": 0.9185989146521953,
            "5": 0.812702527543746,
            "6": 0.9403693931398417,
            "7": 0.9147286821705426,
            "8": 0.8841584158415842,
            "9": 0.8849382716049382
        },
        "Test Accuracy": {
            "0": 0.9801482371794872,
            "1": NaN,
            "2": NaN,
            "3": NaN,
            "4": NaN,
            "5": NaN,
            "6": NaN,
            "7": NaN,
            "8": NaN,
            "9": NaN
        },
        "Test Loss": {
            "0": 23.24117660522461,
            "1": NaN,
            "2": NaN,
            "3": NaN,
            "4": NaN,
            "5": NaN,
            "6": NaN,
            "7": NaN,
            "8": NaN,
            "9": NaN
        }
    }
}