{
    "FLOPs": 15880,
    "accuracies": [
        0.8636,
        0.8635,
        0.8633,
        0.8634,
        0.8633,
        0.8635,
        0.8632,
        0.8633,
        0.8632,
        0.8632
    ],
    "train_data": {
        "epoch": {
            "0": 0.0,
            "1": 0.0,
            "2": 0.0,
            "3": 0.0,
            "4": 0.0,
            "5": 0.0,
            "6": 0.0,
            "7": 0.0,
            "8": 0.0,
            "9": 0.0,
            "10": 0.0
        },
        "iteration": {
            "0": 0.0,
            "1": 50.0,
            "2": 100.0,
            "3": 150.0,
            "4": 200.0,
            "5": 250.0,
            "6": 300.0,
            "7": 350.0,
            "8": 400.0,
            "9": 450.0,
            "10": 467.0
        },
        "train_loss": {
            "0": 74.71764373779297,
            "1": 51.38907241821289,
            "2": 44.49803161621094,
            "3": 39.40579605102539,
            "4": 34.97854995727539,
            "5": 32.34990692138672,
            "6": 27.231685638427734,
            "7": 28.38002586364746,
            "8": 27.44454002380371,
            "9": 25.284170150756836,
            "10": 23.266956329345703
        },
        "test_loss": {
            "0": 73.4024887084961,
            "1": 52.677425384521484,
            "2": 45.42271423339844,
            "3": 40.3687744140625,
            "4": 35.46332550048828,
            "5": 31.295759201049805,
            "6": 29.92864227294922,
            "7": 29.023298263549805,
            "8": 26.818849563598633,
            "9": 24.178916931152344,
            "10": 24.53881072998047
        },
        "train_acc": {
            "0": 0.0859375,
            "1": 0.3125,
            "2": 0.3515625,
            "3": 0.734375,
            "4": 0.8125,
            "5": 0.796875,
            "6": 0.8671875,
            "7": 0.84375,
            "8": 0.859375,
            "9": 0.796875,
            "10": 0.859375
        },
        "test_acc": {
            "0": 0.1015625,
            "1": 0.328125,
            "2": 0.4140625,
            "3": 0.7578125,
            "4": 0.7890625,
            "5": 0.8359375,
            "6": 0.765625,
            "7": 0.8046875,
            "8": 0.84375,
            "9": 0.890625,
            "10": 0.8828125
        }
    },
    "statistics_data": {
        "TP": {
            "0": 951,
            "1": 1110,
            "2": 887,
            "3": 795,
            "4": 926,
            "5": 694,
            "6": 879,
            "7": 917,
            "8": 768,
            "9": 705
        },
        "TN": {
            "0": 8788,
            "1": 8758,
            "2": 8831,
            "3": 8885,
            "4": 8813,
            "5": 8994,
            "6": 8907,
            "7": 8723,
            "8": 8913,
            "9": 8892
        },
        "FP": {
            "0": 217,
            "1": 92,
            "2": 122,
            "3": 92,
            "4": 194,
            "5": 100,
            "6": 120,
            "7": 234,
            "8": 98,
            "9": 83
        },
        "FN": {
            "0": 28,
            "1": 24,
            "2": 144,
            "3": 212,
            "4": 51,
            "5": 196,
            "6": 78,
            "7": 110,
            "8": 205,
            "9": 304
        },
        "Precision": {
            "0": 0.8142123287671232,
            "1": 0.9234608985024958,
            "2": 0.8790882061446977,
            "3": 0.8962795941375423,
            "4": 0.8267857142857142,
            "5": 0.8740554156171285,
            "6": 0.8798798798798799,
            "7": 0.7966985230234579,
            "8": 0.8868360277136259,
            "9": 0.8946700507614214
        },
        "Recall": {
            "0": 0.9713993871297242,
            "1": 0.9788359788359788,
            "2": 0.8603297769156159,
            "3": 0.7894736842105263,
            "4": 0.9477993858751279,
            "5": 0.7797752808988764,
            "6": 0.9184952978056427,
            "7": 0.8928919182083739,
            "8": 0.789311408016444,
            "9": 0.6987115956392468
        },
        "F1 Score": {
            "0": 0.8858872845831391,
            "1": 0.9503424657534246,
            "2": 0.8696078431372549,
            "3": 0.839493136219641,
            "4": 0.8831664282308059,
            "5": 0.8242280285035629,
            "6": 0.8987730061349694,
            "7": 0.8420569329660238,
            "8": 0.835236541598695,
            "9": 0.7846410684474124
        },
        "Test Accuracy": {
            "0": 0.9729166666666667,
            "1": NaN,
            "2": NaN,
            "3": NaN,
            "4": NaN,
            "5": NaN,
            "6": NaN,
            "7": NaN,
            "8": NaN,
            "9": NaN
        },
        "Test Loss": {
            "0": 24.53881072998047,
            "1": NaN,
            "2": NaN,
            "3": NaN,
            "4": NaN,
            "5": NaN,
            "6": NaN,
            "7": NaN,
            "8": NaN,
            "9": NaN
        }
    }
}