{
    "FLOPs": 31760,
    "accuracies": [
        0.8512,
        0.8509,
        0.8511,
        0.851,
        0.8514,
        0.8509,
        0.8513,
        0.851,
        0.8511,
        0.8513
    ],
    "train_data": {
        "epoch": {
            "0": 0.0,
            "1": 0.0,
            "2": 0.0,
            "3": 0.0,
            "4": 0.0,
            "5": 0.0,
            "6": 0.0,
            "7": 0.0,
            "8": 0.0,
            "9": 0.0,
            "10": 0.0
        },
        "iteration": {
            "0": 0.0,
            "1": 50.0,
            "2": 100.0,
            "3": 150.0,
            "4": 200.0,
            "5": 250.0,
            "6": 300.0,
            "7": 350.0,
            "8": 400.0,
            "9": 450.0,
            "10": 467.0
        },
        "train_loss": {
            "0": 3592.923828125,
            "1": 422.4827880859375,
            "2": 209.70016479492188,
            "3": 156.44183349609375,
            "4": 98.83377075195312,
            "5": 270.62200927734375,
            "6": 105.9176025390625,
            "7": 78.61654663085938,
            "8": 213.3035888671875,
            "9": 155.0408477783203,
            "10": 140.59934997558594
        },
        "test_loss": {
            "0": 2641.434326171875,
            "1": 140.36093139648438,
            "2": 185.0555419921875,
            "3": 152.0883331298828,
            "4": 150.67626953125,
            "5": 156.35153198242188,
            "6": 127.55840301513672,
            "7": 72.62787628173828,
            "8": 151.5858612060547,
            "9": 89.00483703613281,
            "10": 64.46560668945312
        },
        "train_acc": {
            "0": 0.1015625,
            "1": 0.546875,
            "2": 0.71875,
            "3": 0.859375,
            "4": 0.8125,
            "5": 0.8359375,
            "6": 0.7421875,
            "7": 0.8984375,
            "8": 0.890625,
            "9": 0.859375,
            "10": 0.8671875
        },
        "test_acc": {
            "0": 0.1015625,
            "1": 0.703125,
            "2": 0.734375,
            "3": 0.8359375,
            "4": 0.84375,
            "5": 0.84375,
            "6": 0.84375,
            "7": 0.875,
            "8": 0.8515625,
            "9": 0.875,
            "10": 0.84375
        }
    },
    "statistics_data": {
        "TP": {
            "0": 941,
            "1": 1050,
            "2": 811,
            "3": 740,
            "4": 872,
            "5": 749,
            "6": 839,
            "7": 950,
            "8": 856,
            "9": 703
        },
        "TN": {
            "0": 8873,
            "1": 8691,
            "2": 8797,
            "3": 8915,
            "4": 8741,
            "5": 8988,
            "6": 8919,
            "7": 8812,
            "8": 8758,
            "9": 8889
        },
        "FP": {
            "0": 133,
            "1": 160,
            "2": 156,
            "3": 60,
            "4": 261,
            "5": 104,
            "6": 110,
            "7": 146,
            "8": 257,
            "9": 86
        },
        "FN": {
            "0": 37,
            "1": 83,
            "2": 220,
            "3": 269,
            "4": 110,
            "5": 143,
            "6": 116,
            "7": 76,
            "8": 113,
            "9": 306
        },
        "Precision": {
            "0": 0.8761638733705773,
            "1": 0.8677685950413223,
            "2": 0.8386763185108583,
            "3": 0.925,
            "4": 0.7696381288614298,
            "5": 0.8780773739742087,
            "6": 0.8840885142255005,
            "7": 0.8667883211678832,
            "8": 0.7690925426774483,
            "9": 0.8910012674271229
        },
        "Recall": {
            "0": 0.9621676891615542,
            "1": 0.9267431597528685,
            "2": 0.7866149369544132,
            "3": 0.7333994053518335,
            "4": 0.8879837067209776,
            "5": 0.8396860986547086,
            "6": 0.8785340314136125,
            "7": 0.9259259259259259,
            "8": 0.8833849329205367,
            "9": 0.6967294350842418
        },
        "F1 Score": {
            "0": 0.9171539961013645,
            "1": 0.8962868117797695,
            "2": 0.8118118118118118,
            "3": 0.8181315644002211,
            "4": 0.8245862884160756,
            "5": 0.8584527220630372,
            "6": 0.8813025210084033,
            "7": 0.8953817153628651,
            "8": 0.8222862632084533,
            "9": 0.7819799777530589
        },
        "Test Accuracy": {
            "0": 0.9704927884615384,
            "1": NaN,
            "2": NaN,
            "3": NaN,
            "4": NaN,
            "5": NaN,
            "6": NaN,
            "7": NaN,
            "8": NaN,
            "9": NaN
        },
        "Test Loss": {
            "0": 64.46560668945312,
            "1": NaN,
            "2": NaN,
            "3": NaN,
            "4": NaN,
            "5": NaN,
            "6": NaN,
            "7": NaN,
            "8": NaN,
            "9": NaN
        }
    }
}