{
    "FLOPs": 79400,
    "accuracies": [
        0.6843,
        0.6843,
        0.6841,
        0.6843,
        0.6842,
        0.6841,
        0.6842,
        0.6841,
        0.6843,
        0.6844
    ],
    "train_data": {
        "epoch": {
            "0": 0.0,
            "1": 0.0,
            "2": 0.0,
            "3": 0.0,
            "4": 0.0,
            "5": 0.0,
            "6": 0.0,
            "7": 0.0,
            "8": 0.0,
            "9": 0.0,
            "10": 0.0
        },
        "iteration": {
            "0": 0.0,
            "1": 50.0,
            "2": 100.0,
            "3": 150.0,
            "4": 200.0,
            "5": 250.0,
            "6": 300.0,
            "7": 350.0,
            "8": 400.0,
            "9": 450.0,
            "10": 467.0
        },
        "train_loss": {
            "0": 57.61824035644531,
            "1": 57.2120246887207,
            "2": 55.42239761352539,
            "3": 52.89324951171875,
            "4": 50.806640625,
            "5": 47.50322341918945,
            "6": 46.438087463378906,
            "7": 44.16120529174805,
            "8": 43.085994720458984,
            "9": 42.14580154418945,
            "10": 41.77372741699219
        },
        "test_loss": {
            "0": 57.692298889160156,
            "1": 57.205631256103516,
            "2": 55.500144958496094,
            "3": 52.7315559387207,
            "4": 50.018150329589844,
            "5": 48.099029541015625,
            "6": 45.811038970947266,
            "7": 43.940093994140625,
            "8": 42.60083770751953,
            "9": 42.50876998901367,
            "10": 40.35863494873047
        },
        "train_acc": {
            "0": 0.0859375,
            "1": 0.1171875,
            "2": 0.125,
            "3": 0.09375,
            "4": 0.078125,
            "5": 0.3046875,
            "6": 0.3515625,
            "7": 0.609375,
            "8": 0.6015625,
            "9": 0.6875,
            "10": 0.703125
        },
        "test_acc": {
            "0": 0.109375,
            "1": 0.109375,
            "2": 0.0703125,
            "3": 0.0703125,
            "4": 0.171875,
            "5": 0.296875,
            "6": 0.4765625,
            "7": 0.5625,
            "8": 0.609375,
            "9": 0.65625,
            "10": 0.765625
        }
    },
    "statistics_data": {
        "TP": {
            "0": 967,
            "1": 1015,
            "2": 725,
            "3": 863,
            "4": 278,
            "5": 70,
            "6": 815,
            "7": 902,
            "8": 422,
            "9": 785
        },
        "TN": {
            "0": 7540,
            "1": 8816,
            "2": 8882,
            "3": 8431,
            "4": 8984,
            "5": 9093,
            "6": 8916,
            "7": 8776,
            "8": 8923,
            "9": 8353
        },
        "FP": {
            "0": 1465,
            "1": 35,
            "2": 71,
            "3": 544,
            "4": 19,
            "5": 0,
            "6": 113,
            "7": 180,
            "8": 90,
            "9": 625
        },
        "FN": {
            "0": 12,
            "1": 118,
            "2": 306,
            "3": 146,
            "4": 703,
            "5": 821,
            "6": 140,
            "7": 126,
            "8": 549,
            "9": 221
        },
        "Precision": {
            "0": 0.39761513157894735,
            "1": 0.9666666666666667,
            "2": 0.9108040201005025,
            "3": 0.6133617626154939,
            "4": 0.936026936026936,
            "5": 1.0,
            "6": 0.8782327586206896,
            "7": 0.833641404805915,
            "8": 0.82421875,
            "9": 0.5567375886524822
        },
        "Recall": {
            "0": 0.9877425944841676,
            "1": 0.8958517210944396,
            "2": 0.7032007759456838,
            "3": 0.8553022794846382,
            "4": 0.28338430173292556,
            "5": 0.07856341189674523,
            "6": 0.8534031413612565,
            "7": 0.877431906614786,
            "8": 0.43460350154479915,
            "9": 0.7803180914512923
        },
        "F1 Score": {
            "0": 0.5669891527411316,
            "1": 0.9299129638112689,
            "2": 0.7936507936507937,
            "3": 0.7144039735099338,
            "4": 0.4350547730829421,
            "5": 0.14568158168574402,
            "6": 0.8656399362719065,
            "7": 0.8549763033175355,
            "8": 0.5691166554281861,
            "9": 0.6498344370860927
        },
        "Test Accuracy": {
            "0": 0.9370592948717948,
            "1": NaN,
            "2": NaN,
            "3": NaN,
            "4": NaN,
            "5": NaN,
            "6": NaN,
            "7": NaN,
            "8": NaN,
            "9": NaN
        },
        "Test Loss": {
            "0": 40.35863494873047,
            "1": NaN,
            "2": NaN,
            "3": NaN,
            "4": NaN,
            "5": NaN,
            "6": NaN,
            "7": NaN,
            "8": NaN,
            "9": NaN
        }
    }
}