{
    "FLOPs": 127040,
    "accuracies": [
        0.9093,
        0.9094,
        0.9095,
        0.9094,
        0.9094,
        0.9095,
        0.9094,
        0.9093,
        0.9096,
        0.9094
    ],
    "train_data": {
        "epoch": {
            "0": 0.0,
            "1": 0.0,
            "2": 0.0,
            "3": 0.0,
            "4": 0.0,
            "5": 0.0,
            "6": 0.0,
            "7": 0.0,
            "8": 0.0,
            "9": 0.0,
            "10": 0.0
        },
        "iteration": {
            "0": 0.0,
            "1": 50.0,
            "2": 100.0,
            "3": 150.0,
            "4": 200.0,
            "5": 250.0,
            "6": 300.0,
            "7": 350.0,
            "8": 400.0,
            "9": 450.0,
            "10": 467.0
        },
        "train_loss": {
            "0": 63.60029983520508,
            "1": 26.10741424560547,
            "2": 16.16692352294922,
            "3": 12.892363548278809,
            "4": 14.446576118469238,
            "5": 12.548736572265625,
            "6": 11.168094635009766,
            "7": 8.445103645324707,
            "8": 8.834464073181152,
            "9": 9.340770721435547,
            "10": 10.464961051940918
        },
        "test_loss": {
            "0": 60.210819244384766,
            "1": 21.733875274658203,
            "2": 13.686176300048828,
            "3": 9.72148609161377,
            "4": 12.98704719543457,
            "5": 10.673718452453613,
            "6": 11.774005889892578,
            "7": 8.215097427368164,
            "8": 10.06552791595459,
            "9": 11.697925567626953,
            "10": 7.477852821350098
        },
        "train_acc": {
            "0": 0.1171875,
            "1": 0.84375,
            "2": 0.8828125,
            "3": 0.90625,
            "4": 0.875,
            "5": 0.875,
            "6": 0.8671875,
            "7": 0.890625,
            "8": 0.90625,
            "9": 0.875,
            "10": 0.8984375
        },
        "test_acc": {
            "0": 0.125,
            "1": 0.859375,
            "2": 0.9140625,
            "3": 0.921875,
            "4": 0.828125,
            "5": 0.875,
            "6": 0.859375,
            "7": 0.921875,
            "8": 0.9140625,
            "9": 0.90625,
            "10": 0.921875
        }
    },
    "statistics_data": {
        "TP": {
            "0": 965,
            "1": 1098,
            "2": 917,
            "3": 922,
            "4": 940,
            "5": 787,
            "6": 902,
            "7": 953,
            "8": 866,
            "9": 746
        },
        "TN": {
            "0": 8950,
            "1": 8827,
            "2": 8903,
            "3": 8857,
            "4": 8847,
            "5": 9003,
            "6": 8978,
            "7": 8798,
            "8": 8886,
            "9": 8919
        },
        "FP": {
            "0": 56,
            "1": 24,
            "2": 51,
            "3": 119,
            "4": 155,
            "5": 90,
            "6": 49,
            "7": 158,
            "8": 127,
            "9": 59
        },
        "FN": {
            "0": 13,
            "1": 35,
            "2": 113,
            "3": 86,
            "4": 42,
            "5": 104,
            "6": 55,
            "7": 75,
            "8": 105,
            "9": 260
        },
        "Precision": {
            "0": 0.9451518119490695,
            "1": 0.9786096256684492,
            "2": 0.9473140495867769,
            "3": 0.8856868395773295,
            "4": 0.8584474885844748,
            "5": 0.8973774230330672,
            "6": 0.9484752891692955,
            "7": 0.8577857785778578,
            "8": 0.8721047331319235,
            "9": 0.9267080745341615
        },
        "Recall": {
            "0": 0.9867075664621677,
            "1": 0.9691085613415711,
            "2": 0.8902912621359224,
            "3": 0.9146825396825397,
            "4": 0.9572301425661914,
            "5": 0.8832772166105499,
            "6": 0.9425287356321839,
            "7": 0.9270428015564203,
            "8": 0.8918640576725025,
            "9": 0.7415506958250497
        },
        "F1 Score": {
            "0": 0.9654827413706853,
            "1": 0.9738359201773836,
            "2": 0.917917917917918,
            "3": 0.8999511957052221,
            "4": 0.9051516610495907,
            "5": 0.8902714932126696,
            "6": 0.9454926624737945,
            "7": 0.8910705937353903,
            "8": 0.8818737270875763,
            "9": 0.8238542241855328
        },
        "Test Accuracy": {
            "0": 0.9822115384615384,
            "1": NaN,
            "2": NaN,
            "3": NaN,
            "4": NaN,
            "5": NaN,
            "6": NaN,
            "7": NaN,
            "8": NaN,
            "9": NaN
        },
        "Test Loss": {
            "0": 7.477852821350098,
            "1": NaN,
            "2": NaN,
            "3": NaN,
            "4": NaN,
            "5": NaN,
            "6": NaN,
            "7": NaN,
            "8": NaN,
            "9": NaN
        }
    }
}