{
    "FLOPs": 142920,
    "accuracies": [
        0.9323,
        0.9324,
        0.9323,
        0.9324,
        0.9323,
        0.9323,
        0.9324,
        0.9326,
        0.9325,
        0.9323
    ],
    "train_data": {
        "epoch": {
            "0": 0.0,
            "1": 0.0,
            "2": 0.0,
            "3": 0.0,
            "4": 0.0,
            "5": 0.0,
            "6": 0.0,
            "7": 0.0,
            "8": 0.0,
            "9": 0.0,
            "10": 0.0
        },
        "iteration": {
            "0": 0.0,
            "1": 50.0,
            "2": 100.0,
            "3": 150.0,
            "4": 200.0,
            "5": 250.0,
            "6": 300.0,
            "7": 350.0,
            "8": 400.0,
            "9": 450.0,
            "10": 467.0
        },
        "train_loss": {
            "0": 59.55168151855469,
            "1": 23.224685668945312,
            "2": 15.387957572937012,
            "3": 10.521486282348633,
            "4": 11.470654487609863,
            "5": 9.708686828613281,
            "6": 11.77652359008789,
            "7": 8.195855140686035,
            "8": 14.080328941345215,
            "9": 8.848033905029297,
            "10": 8.55632209777832
        },
        "test_loss": {
            "0": 57.23023986816406,
            "1": 23.96552848815918,
            "2": 13.520413398742676,
            "3": 11.383625984191895,
            "4": 12.499090194702148,
            "5": 9.038121223449707,
            "6": 8.772717475891113,
            "7": 12.054275512695312,
            "8": 11.196235656738281,
            "9": 8.9744291305542,
            "10": 9.055718421936035
        },
        "train_acc": {
            "0": 0.0625,
            "1": 0.8125,
            "2": 0.8515625,
            "3": 0.9296875,
            "4": 0.90625,
            "5": 0.9140625,
            "6": 0.9140625,
            "7": 0.9609375,
            "8": 0.890625,
            "9": 0.90625,
            "10": 0.921875
        },
        "test_acc": {
            "0": 0.1015625,
            "1": 0.8359375,
            "2": 0.921875,
            "3": 0.875,
            "4": 0.8984375,
            "5": 0.921875,
            "6": 0.90625,
            "7": 0.9296875,
            "8": 0.9140625,
            "9": 0.9453125,
            "10": 0.9140625
        }
    },
    "statistics_data": {
        "TP": {
            "0": 958,
            "1": 1113,
            "2": 944,
            "3": 929,
            "4": 935,
            "5": 803,
            "6": 913,
            "7": 961,
            "8": 879,
            "9": 889
        },
        "TN": {
            "0": 8956,
            "1": 8819,
            "2": 8895,
            "3": 8898,
            "4": 8903,
            "5": 9039,
            "6": 8975,
            "7": 8883,
            "8": 8927,
            "9": 8901
        },
        "FP": {
            "0": 51,
            "1": 30,
            "2": 59,
            "3": 78,
            "4": 102,
            "5": 54,
            "6": 53,
            "7": 75,
            "8": 83,
            "9": 75
        },
        "FN": {
            "0": 19,
            "1": 22,
            "2": 86,
            "3": 79,
            "4": 44,
            "5": 88,
            "6": 43,
            "7": 65,
            "8": 95,
            "9": 119
        },
        "Precision": {
            "0": 0.9494549058473737,
            "1": 0.973753280839895,
            "2": 0.9411764705882353,
            "3": 0.9225422045680238,
            "4": 0.9016393442622951,
            "5": 0.9369894982497082,
            "6": 0.9451345755693582,
            "7": 0.9276061776061776,
            "8": 0.9137214137214137,
            "9": 0.9221991701244814
        },
        "Recall": {
            "0": 0.9805527123848515,
            "1": 0.9806167400881057,
            "2": 0.916504854368932,
            "3": 0.9216269841269841,
            "4": 0.9550561797752809,
            "5": 0.9012345679012346,
            "6": 0.9550209205020921,
            "7": 0.9366471734892787,
            "8": 0.9024640657084189,
            "9": 0.8819444444444444
        },
        "F1 Score": {
            "0": 0.9647532729103726,
            "1": 0.9771729587357332,
            "2": 0.9286768322675849,
            "3": 0.9220843672456575,
            "4": 0.927579365079365,
            "5": 0.9187643020594964,
            "6": 0.9500520291363164,
            "7": 0.9321047526673132,
            "8": 0.9080578512396693,
            "9": 0.9016227180527384
        },
        "Test Accuracy": {
            "0": 0.9867788461538461,
            "1": NaN,
            "2": NaN,
            "3": NaN,
            "4": NaN,
            "5": NaN,
            "6": NaN,
            "7": NaN,
            "8": NaN,
            "9": NaN
        },
        "Test Loss": {
            "0": 9.055718421936035,
            "1": NaN,
            "2": NaN,
            "3": NaN,
            "4": NaN,
            "5": NaN,
            "6": NaN,
            "7": NaN,
            "8": NaN,
            "9": NaN
        }
    }
}