{
    "FLOPs": 95280,
    "accuracies": [
        0.9199,
        0.92,
        0.9199,
        0.9201,
        0.9201,
        0.9199,
        0.92,
        0.92,
        0.9201,
        0.9201
    ],
    "train_data": {
        "epoch": {
            "0": 0.0,
            "1": 0.0,
            "2": 0.0,
            "3": 0.0,
            "4": 0.0,
            "5": 0.0,
            "6": 0.0,
            "7": 0.0,
            "8": 0.0,
            "9": 0.0,
            "10": 0.0
        },
        "iteration": {
            "0": 0.0,
            "1": 50.0,
            "2": 100.0,
            "3": 150.0,
            "4": 200.0,
            "5": 250.0,
            "6": 300.0,
            "7": 350.0,
            "8": 400.0,
            "9": 450.0,
            "10": 467.0
        },
        "train_loss": {
            "0": 66.00731658935547,
            "1": 26.663740158081055,
            "2": 19.199007034301758,
            "3": 16.14398193359375,
            "4": 12.539536476135254,
            "5": 12.751781463623047,
            "6": 13.079423904418945,
            "7": 11.208477973937988,
            "8": 11.0314359664917,
            "9": 8.215871810913086,
            "10": 9.202210426330566
        },
        "test_loss": {
            "0": 63.548622131347656,
            "1": 28.363216400146484,
            "2": 18.24675941467285,
            "3": 14.373404502868652,
            "4": 10.767668724060059,
            "5": 8.796074867248535,
            "6": 8.023577690124512,
            "7": 11.53693962097168,
            "8": 10.316171646118164,
            "9": 8.187472343444824,
            "10": 9.658308982849121
        },
        "train_acc": {
            "0": 0.09375,
            "1": 0.7734375,
            "2": 0.84375,
            "3": 0.859375,
            "4": 0.90625,
            "5": 0.8671875,
            "6": 0.890625,
            "7": 0.921875,
            "8": 0.90625,
            "9": 0.9375,
            "10": 0.921875
        },
        "test_acc": {
            "0": 0.1171875,
            "1": 0.8046875,
            "2": 0.890625,
            "3": 0.921875,
            "4": 0.921875,
            "5": 0.9296875,
            "6": 0.96875,
            "7": 0.8984375,
            "8": 0.8671875,
            "9": 0.921875,
            "10": 0.890625
        }
    },
    "statistics_data": {
        "TP": {
            "0": 953,
            "1": 1106,
            "2": 933,
            "3": 923,
            "4": 937,
            "5": 759,
            "6": 910,
            "7": 961,
            "8": 883,
            "9": 836
        },
        "TN": {
            "0": 8958,
            "1": 8817,
            "2": 8875,
            "3": 8868,
            "4": 8878,
            "5": 9021,
            "6": 8977,
            "7": 8880,
            "8": 8871,
            "9": 8928
        },
        "FP": {
            "0": 47,
            "1": 33,
            "2": 81,
            "3": 106,
            "4": 126,
            "5": 72,
            "6": 51,
            "7": 76,
            "8": 140,
            "9": 51
        },
        "FN": {
            "0": 26,
            "1": 28,
            "2": 95,
            "3": 87,
            "4": 43,
            "5": 132,
            "6": 46,
            "7": 67,
            "8": 90,
            "9": 169
        },
        "Precision": {
            "0": 0.953,
            "1": 0.971027216856892,
            "2": 0.9201183431952663,
            "3": 0.8969873663751214,
            "4": 0.8814675446848542,
            "5": 0.9133574007220217,
            "6": 0.9469302809573361,
            "7": 0.926711668273867,
            "8": 0.863147605083089,
            "9": 0.9425028184892897
        },
        "Recall": {
            "0": 0.9734422880490297,
            "1": 0.9753086419753086,
            "2": 0.9075875486381323,
            "3": 0.9138613861386139,
            "4": 0.9561224489795919,
            "5": 0.8518518518518519,
            "6": 0.9518828451882845,
            "7": 0.9348249027237354,
            "8": 0.9075025693730729,
            "9": 0.8318407960199005
        },
        "F1 Score": {
            "0": 0.9631126831733198,
            "1": 0.9731632204135504,
            "2": 0.9138099902056807,
            "3": 0.9053457577243748,
            "4": 0.9172785119921684,
            "5": 0.8815331010452963,
            "6": 0.9494001043296817,
            "7": 0.9307506053268766,
            "8": 0.8847695390781564,
            "9": 0.883720930232558
        },
        "Test Accuracy": {
            "0": 0.9843149038461538,
            "1": NaN,
            "2": NaN,
            "3": NaN,
            "4": NaN,
            "5": NaN,
            "6": NaN,
            "7": NaN,
            "8": NaN,
            "9": NaN
        },
        "Test Loss": {
            "0": 9.658308982849121,
            "1": NaN,
            "2": NaN,
            "3": NaN,
            "4": NaN,
            "5": NaN,
            "6": NaN,
            "7": NaN,
            "8": NaN,
            "9": NaN
        }
    }
}