{
    "FLOPs": 111160,
    "accuracies": [
        0.9144,
        0.9144,
        0.9144,
        0.9146,
        0.9144,
        0.9146,
        0.9145,
        0.9145,
        0.9144,
        0.9146
    ],
    "train_data": {
        "epoch": {
            "0": 0.0,
            "1": 0.0,
            "2": 0.0,
            "3": 0.0,
            "4": 0.0,
            "5": 0.0,
            "6": 0.0,
            "7": 0.0,
            "8": 0.0,
            "9": 0.0,
            "10": 0.0
        },
        "iteration": {
            "0": 0.0,
            "1": 50.0,
            "2": 100.0,
            "3": 150.0,
            "4": 200.0,
            "5": 250.0,
            "6": 300.0,
            "7": 350.0,
            "8": 400.0,
            "9": 450.0,
            "10": 467.0
        },
        "train_loss": {
            "0": 4144.50244140625,
            "1": 152.08334350585938,
            "2": 120.09724426269531,
            "3": 109.26165771484375,
            "4": 106.79450225830078,
            "5": 28.30117416381836,
            "6": 88.5830078125,
            "7": 94.7830810546875,
            "8": 34.328617095947266,
            "9": 82.54562377929688,
            "10": 131.49163818359375
        },
        "test_loss": {
            "0": 3427.85205078125,
            "1": 153.3066864013672,
            "2": 124.04447174072266,
            "3": 74.28491973876953,
            "4": 107.04228210449219,
            "5": 22.092164993286133,
            "6": 60.246421813964844,
            "7": 101.3399658203125,
            "8": 54.36692810058594,
            "9": 52.070396423339844,
            "10": 115.47383117675781
        },
        "train_acc": {
            "0": 0.140625,
            "1": 0.8125,
            "2": 0.8515625,
            "3": 0.9140625,
            "4": 0.8671875,
            "5": 0.9453125,
            "6": 0.9140625,
            "7": 0.90625,
            "8": 0.9140625,
            "9": 0.859375,
            "10": 0.8828125
        },
        "test_acc": {
            "0": 0.1171875,
            "1": 0.75,
            "2": 0.8984375,
            "3": 0.8671875,
            "4": 0.8515625,
            "5": 0.921875,
            "6": 0.890625,
            "7": 0.890625,
            "8": 0.921875,
            "9": 0.8828125,
            "10": 0.875
        }
    },
    "statistics_data": {
        "TP": {
            "0": 956,
            "1": 1114,
            "2": 991,
            "3": 936,
            "4": 908,
            "5": 782,
            "6": 851,
            "7": 964,
            "8": 791,
            "9": 852
        },
        "TN": {
            "0": 8956,
            "1": 8820,
            "2": 8849,
            "3": 8809,
            "4": 8907,
            "5": 9003,
            "6": 8998,
            "7": 8865,
            "8": 8939,
            "9": 8871
        },
        "FP": {
            "0": 50,
            "1": 31,
            "2": 103,
            "3": 166,
            "4": 96,
            "5": 92,
            "6": 29,
            "7": 97,
            "8": 71,
            "9": 104
        },
        "FN": {
            "0": 22,
            "1": 19,
            "2": 41,
            "3": 73,
            "4": 73,
            "5": 107,
            "6": 106,
            "7": 58,
            "8": 183,
            "9": 157
        },
        "Precision": {
            "0": 0.9502982107355865,
            "1": 0.9729257641921397,
            "2": 0.9058500914076782,
            "3": 0.8493647912885662,
            "4": 0.9043824701195219,
            "5": 0.8947368421052632,
            "6": 0.9670454545454545,
            "7": 0.9085768143261075,
            "8": 0.9176334106728539,
            "9": 0.891213389121339
        },
        "Recall": {
            "0": 0.9775051124744376,
            "1": 0.9832303618711385,
            "2": 0.9602713178294574,
            "3": 0.9276511397423192,
            "4": 0.9255861365953109,
            "5": 0.8796400449943758,
            "6": 0.8892371995820272,
            "7": 0.9432485322896281,
            "8": 0.8121149897330595,
            "9": 0.844400396432111
        },
        "F1 Score": {
            "0": 0.9637096774193549,
            "1": 0.9780509218612817,
            "2": 0.9322671683913453,
            "3": 0.886783514921838,
            "4": 0.9148614609571789,
            "5": 0.8871242200794102,
            "6": 0.9265106151333696,
            "7": 0.9255880940950553,
            "8": 0.8616557734204793,
            "9": 0.867175572519084
        },
        "Test Accuracy": {
            "0": 0.983193108974359,
            "1": NaN,
            "2": NaN,
            "3": NaN,
            "4": NaN,
            "5": NaN,
            "6": NaN,
            "7": NaN,
            "8": NaN,
            "9": NaN
        },
        "Test Loss": {
            "0": 115.47383117675781,
            "1": NaN,
            "2": NaN,
            "3": NaN,
            "4": NaN,
            "5": NaN,
            "6": NaN,
            "7": NaN,
            "8": NaN,
            "9": NaN
        }
    }
}