{
    "FLOPs": 39700,
    "accuracies": [
        0.5073,
        0.5072,
        0.507,
        0.5074,
        0.507,
        0.5073,
        0.5074,
        0.5071,
        0.5073,
        0.5074
    ],
    "train_data": {
        "epoch": {
            "0": 0.0,
            "1": 0.0,
            "2": 0.0,
            "3": 0.0,
            "4": 0.0,
            "5": 0.0,
            "6": 0.0,
            "7": 0.0,
            "8": 0.0,
            "9": 0.0,
            "10": 0.0
        },
        "iteration": {
            "0": 0.0,
            "1": 50.0,
            "2": 100.0,
            "3": 150.0,
            "4": 200.0,
            "5": 250.0,
            "6": 300.0,
            "7": 350.0,
            "8": 400.0,
            "9": 450.0,
            "10": 467.0
        },
        "train_loss": {
            "0": 57.685420989990234,
            "1": 57.323787689208984,
            "2": 56.23109436035156,
            "3": 55.07706069946289,
            "4": 52.647220611572266,
            "5": 51.287147521972656,
            "6": 49.69737243652344,
            "7": 47.81729507446289,
            "8": 46.43370056152344,
            "9": 45.70790481567383,
            "10": 44.653831481933594
        },
        "test_loss": {
            "0": 57.5080451965332,
            "1": 57.04465866088867,
            "2": 55.77070236206055,
            "3": 55.035255432128906,
            "4": 52.842105865478516,
            "5": 51.279998779296875,
            "6": 48.59370040893555,
            "7": 47.90787887573242,
            "8": 45.56425857543945,
            "9": 45.88793182373047,
            "10": 44.50157165527344
        },
        "train_acc": {
            "0": 0.0703125,
            "1": 0.1171875,
            "2": 0.046875,
            "3": 0.046875,
            "4": 0.09375,
            "5": 0.125,
            "6": 0.1953125,
            "7": 0.2890625,
            "8": 0.4140625,
            "9": 0.453125,
            "10": 0.5
        },
        "test_acc": {
            "0": 0.0703125,
            "1": 0.1328125,
            "2": 0.1015625,
            "3": 0.0625,
            "4": 0.109375,
            "5": 0.140625,
            "6": 0.2734375,
            "7": 0.2578125,
            "8": 0.390625,
            "9": 0.4765625,
            "10": 0.484375
        }
    },
    "statistics_data": {
        "TP": {
            "0": 973,
            "1": 495,
            "2": 647,
            "3": 530,
            "4": 260,
            "5": 2,
            "6": 837,
            "7": 814,
            "8": 31,
            "9": 481
        },
        "TN": {
            "0": 4908,
            "1": 8852,
            "2": 8900,
            "3": 8899,
            "4": 8992,
            "5": 9093,
            "6": 8818,
            "7": 8656,
            "8": 9009,
            "9": 8815
        },
        "FP": {
            "0": 4097,
            "1": 0,
            "2": 56,
            "3": 75,
            "4": 11,
            "5": 0,
            "6": 211,
            "7": 301,
            "8": 2,
            "9": 161
        },
        "FN": {
            "0": 6,
            "1": 637,
            "2": 381,
            "3": 480,
            "4": 721,
            "5": 889,
            "6": 118,
            "7": 213,
            "8": 942,
            "9": 527
        },
        "Precision": {
            "0": 0.19191321499013805,
            "1": 1.0,
            "2": 0.9203413940256046,
            "3": 0.8760330578512396,
            "4": 0.959409594095941,
            "5": 1.0,
            "6": 0.7986641221374046,
            "7": 0.7300448430493274,
            "8": 0.9393939393939394,
            "9": 0.7492211838006231
        },
        "Recall": {
            "0": 0.9938712972420838,
            "1": 0.4372791519434629,
            "2": 0.6293774319066148,
            "3": 0.5247524752475248,
            "4": 0.2650356778797146,
            "5": 0.002244668911335578,
            "6": 0.8764397905759163,
            "7": 0.7925998052580331,
            "8": 0.03186022610483042,
            "9": 0.4771825396825397
        },
        "F1 Score": {
            "0": 0.32170606711853195,
            "1": 0.6084818684695759,
            "2": 0.7475447718082033,
            "3": 0.6563467492260062,
            "4": 0.415335463258786,
            "5": 0.004479283314669653,
            "6": 0.835746380429356,
            "7": 0.7600373482726425,
            "8": 0.061630218687872766,
            "9": 0.583030303030303
        },
        "Test Accuracy": {
            "0": 0.9015625,
            "1": NaN,
            "2": NaN,
            "3": NaN,
            "4": NaN,
            "5": NaN,
            "6": NaN,
            "7": NaN,
            "8": NaN,
            "9": NaN
        },
        "Test Loss": {
            "0": 44.50157165527344,
            "1": NaN,
            "2": NaN,
            "3": NaN,
            "4": NaN,
            "5": NaN,
            "6": NaN,
            "7": NaN,
            "8": NaN,
            "9": NaN
        }
    }
}