{
    "FLOPs": 23820,
    "accuracies": [
        0.8753,
        0.8754,
        0.8752,
        0.8753,
        0.8754,
        0.8755,
        0.8756,
        0.8753,
        0.8756,
        0.8753
    ],
    "train_data": {
        "epoch": {
            "0": 0.0,
            "1": 0.0,
            "2": 0.0,
            "3": 0.0,
            "4": 0.0,
            "5": 0.0,
            "6": 0.0,
            "7": 0.0,
            "8": 0.0,
            "9": 0.0,
            "10": 0.0
        },
        "iteration": {
            "0": 0.0,
            "1": 50.0,
            "2": 100.0,
            "3": 150.0,
            "4": 200.0,
            "5": 250.0,
            "6": 300.0,
            "7": 350.0,
            "8": 400.0,
            "9": 450.0,
            "10": 467.0
        },
        "train_loss": {
            "0": 62.7706298828125,
            "1": 40.5142822265625,
            "2": 31.72047996520996,
            "3": 33.194801330566406,
            "4": 24.839731216430664,
            "5": 21.59376335144043,
            "6": 21.785959243774414,
            "7": 19.848390579223633,
            "8": 14.478814125061035,
            "9": 15.592751502990723,
            "10": 16.63494873046875
        },
        "test_loss": {
            "0": 61.566200256347656,
            "1": 40.44705581665039,
            "2": 34.147159576416016,
            "3": 30.076969146728516,
            "4": 29.1070556640625,
            "5": 23.42852020263672,
            "6": 21.39820098876953,
            "7": 17.08065414428711,
            "8": 19.833528518676758,
            "9": 11.633620262145996,
            "10": 16.026432037353516
        },
        "train_acc": {
            "0": 0.2109375,
            "1": 0.6640625,
            "2": 0.734375,
            "3": 0.7890625,
            "4": 0.8515625,
            "5": 0.875,
            "6": 0.8515625,
            "7": 0.84375,
            "8": 0.8984375,
            "9": 0.890625,
            "10": 0.8359375
        },
        "test_acc": {
            "0": 0.1484375,
            "1": 0.6875,
            "2": 0.671875,
            "3": 0.7734375,
            "4": 0.8203125,
            "5": 0.875,
            "6": 0.8515625,
            "7": 0.8984375,
            "8": 0.8828125,
            "9": 0.953125,
            "10": 0.890625
        }
    },
    "statistics_data": {
        "TP": {
            "0": 942,
            "1": 1104,
            "2": 877,
            "3": 854,
            "4": 930,
            "5": 738,
            "6": 885,
            "7": 877,
            "8": 808,
            "9": 739
        },
        "TN": {
            "0": 8940,
            "1": 8786,
            "2": 8860,
            "3": 8861,
            "4": 8728,
            "5": 8936,
            "6": 8952,
            "7": 8844,
            "8": 8857,
            "9": 8862
        },
        "FP": {
            "0": 67,
            "1": 64,
            "2": 92,
            "3": 114,
            "4": 277,
            "5": 160,
            "6": 74,
            "7": 112,
            "8": 154,
            "9": 116
        },
        "FN": {
            "0": 35,
            "1": 30,
            "2": 155,
            "3": 155,
            "4": 49,
            "5": 150,
            "6": 73,
            "7": 151,
            "8": 165,
            "9": 267
        },
        "Precision": {
            "0": 0.933597621407334,
            "1": 0.9452054794520548,
            "2": 0.9050567595459237,
            "3": 0.8822314049586777,
            "4": 0.7705053852526926,
            "5": 0.821826280623608,
            "6": 0.9228362877997914,
            "7": 0.8867542972699697,
            "8": 0.83991683991684,
            "9": 0.8643274853801169
        },
        "Recall": {
            "0": 0.9641760491299898,
            "1": 0.9735449735449735,
            "2": 0.8498062015503876,
            "3": 0.846382556987116,
            "4": 0.9499489274770173,
            "5": 0.831081081081081,
            "6": 0.9237995824634656,
            "7": 0.853112840466926,
            "8": 0.8304213771839671,
            "9": 0.7345924453280318
        },
        "F1 Score": {
            "0": 0.9486404833836859,
            "1": 0.9591659426585577,
            "2": 0.8765617191404299,
            "3": 0.8639352554375316,
            "4": 0.8508691674290942,
            "5": 0.8264277715565509,
            "6": 0.9233176838810642,
            "7": 0.8696083292017849,
            "8": 0.835142118863049,
            "9": 0.7941966684578183
        },
        "Test Accuracy": {
            "0": 0.9753605769230769,
            "1": NaN,
            "2": NaN,
            "3": NaN,
            "4": NaN,
            "5": NaN,
            "6": NaN,
            "7": NaN,
            "8": NaN,
            "9": NaN
        },
        "Test Loss": {
            "0": 16.026432037353516,
            "1": NaN,
            "2": NaN,
            "3": NaN,
            "4": NaN,
            "5": NaN,
            "6": NaN,
            "7": NaN,
            "8": NaN,
            "9": NaN
        }
    }
}