{
    "FLOPs": 15880,
    "accuracies": [
        0.7643,
        0.7644,
        0.7643,
        0.7642,
        0.7643,
        0.7643,
        0.7643,
        0.7641,
        0.7642,
        0.7642
    ],
    "train_data": {
        "epoch": {
            "0": 0.0,
            "1": 0.0,
            "2": 0.0,
            "3": 0.0,
            "4": 0.0,
            "5": 0.0,
            "6": 0.0,
            "7": 0.0,
            "8": 0.0,
            "9": 0.0,
            "10": 0.0
        },
        "iteration": {
            "0": 0.0,
            "1": 50.0,
            "2": 100.0,
            "3": 150.0,
            "4": 200.0,
            "5": 250.0,
            "6": 300.0,
            "7": 350.0,
            "8": 400.0,
            "9": 450.0,
            "10": 467.0
        },
        "train_loss": {
            "0": 4309.6630859375,
            "1": 833.427001953125,
            "2": 647.5791015625,
            "3": 213.0096435546875,
            "4": 241.4449462890625,
            "5": 313.725830078125,
            "6": 249.17706298828125,
            "7": 269.55535888671875,
            "8": 375.710693359375,
            "9": 201.02166748046875,
            "10": 248.94198608398438
        },
        "test_loss": {
            "0": 4059.9541015625,
            "1": 951.3599853515625,
            "2": 281.92730712890625,
            "3": 397.95367431640625,
            "4": 336.184814453125,
            "5": 336.12506103515625,
            "6": 351.53857421875,
            "7": 483.80609130859375,
            "8": 294.31707763671875,
            "9": 66.16378021240234,
            "10": 301.3057861328125
        },
        "train_acc": {
            "0": 0.171875,
            "1": 0.390625,
            "2": 0.5625,
            "3": 0.640625,
            "4": 0.75,
            "5": 0.6015625,
            "6": 0.671875,
            "7": 0.75,
            "8": 0.734375,
            "9": 0.7734375,
            "10": 0.78125
        },
        "test_acc": {
            "0": 0.1328125,
            "1": 0.359375,
            "2": 0.5390625,
            "3": 0.609375,
            "4": 0.640625,
            "5": 0.6640625,
            "6": 0.6875,
            "7": 0.6796875,
            "8": 0.7265625,
            "9": 0.8203125,
            "10": 0.7421875
        }
    },
    "statistics_data": {
        "TP": {
            "0": 900,
            "1": 1087,
            "2": 852,
            "3": 850,
            "4": 807,
            "5": 695,
            "6": 586,
            "7": 599,
            "8": 582,
            "9": 685
        },
        "TN": {
            "0": 8854,
            "1": 8648,
            "2": 8524,
            "3": 8678,
            "4": 8734,
            "5": 8581,
            "6": 8972,
            "7": 8834,
            "8": 8881,
            "9": 8809
        },
        "FP": {
            "0": 152,
            "1": 201,
            "2": 430,
            "3": 299,
            "4": 269,
            "5": 514,
            "6": 54,
            "7": 124,
            "8": 130,
            "9": 168
        },
        "FN": {
            "0": 78,
            "1": 48,
            "2": 178,
            "3": 157,
            "4": 174,
            "5": 194,
            "6": 372,
            "7": 427,
            "8": 391,
            "9": 322
        },
        "Precision": {
            "0": 0.8555133079847909,
            "1": 0.843944099378882,
            "2": 0.6645865834633385,
            "3": 0.7397737162750218,
            "4": 0.75,
            "5": 0.5748552522746071,
            "6": 0.915625,
            "7": 0.8284923928077456,
            "8": 0.8174157303370787,
            "9": 0.8030480656506448
        },
        "Recall": {
            "0": 0.9202453987730062,
            "1": 0.9577092511013215,
            "2": 0.8271844660194175,
            "3": 0.8440913604766633,
            "4": 0.8226299694189603,
            "5": 0.78177727784027,
            "6": 0.6116910229645094,
            "7": 0.5838206627680312,
            "8": 0.5981500513874615,
            "9": 0.6802383316782522
        },
        "F1 Score": {
            "0": 0.8866995073891626,
            "1": 0.8972348328518367,
            "2": 0.7370242214532872,
            "3": 0.7884972170686457,
            "4": 0.7846378220709772,
            "5": 0.6625357483317444,
            "6": 0.7334167709637047,
            "7": 0.6849628359062322,
            "8": 0.6908011869436201,
            "9": 0.7365591397849461
        },
        "Test Accuracy": {
            "0": 0.9531049679487179,
            "1": NaN,
            "2": NaN,
            "3": NaN,
            "4": NaN,
            "5": NaN,
            "6": NaN,
            "7": NaN,
            "8": NaN,
            "9": NaN
        },
        "Test Loss": {
            "0": 301.3057861328125,
            "1": NaN,
            "2": NaN,
            "3": NaN,
            "4": NaN,
            "5": NaN,
            "6": NaN,
            "7": NaN,
            "8": NaN,
            "9": NaN
        }
    }
}