{
    "FLOPs": 158800,
    "accuracies": [
        0.9153,
        0.9152,
        0.9153,
        0.9152,
        0.9151,
        0.9154,
        0.9155,
        0.9152,
        0.9152,
        0.9151
    ],
    "train_data": {
        "epoch": {
            "0": 0.0,
            "1": 0.0,
            "2": 0.0,
            "3": 0.0,
            "4": 0.0,
            "5": 0.0,
            "6": 0.0,
            "7": 0.0,
            "8": 0.0,
            "9": 0.0,
            "10": 0.0
        },
        "iteration": {
            "0": 0.0,
            "1": 50.0,
            "2": 100.0,
            "3": 150.0,
            "4": 200.0,
            "5": 250.0,
            "6": 300.0,
            "7": 350.0,
            "8": 400.0,
            "9": 450.0,
            "10": 467.0
        },
        "train_loss": {
            "0": 7507.11865234375,
            "1": 125.5542221069336,
            "2": 84.66169738769531,
            "3": 99.37101745605469,
            "4": 86.13818359375,
            "5": 91.31434631347656,
            "6": 34.04460144042969,
            "7": 43.72740173339844,
            "8": 60.828125,
            "9": 40.72621154785156,
            "10": 64.82948303222656
        },
        "test_loss": {
            "0": 4036.5732421875,
            "1": 186.34999084472656,
            "2": 115.14137268066406,
            "3": 91.05387878417969,
            "4": 194.53814697265625,
            "5": 64.05680084228516,
            "6": 60.23213577270508,
            "7": 78.88008880615234,
            "8": 103.95585632324219,
            "9": 46.620391845703125,
            "10": 88.85697937011719
        },
        "train_acc": {
            "0": 0.203125,
            "1": 0.7578125,
            "2": 0.8828125,
            "3": 0.8671875,
            "4": 0.8359375,
            "5": 0.859375,
            "6": 0.8984375,
            "7": 0.8828125,
            "8": 0.890625,
            "9": 0.9140625,
            "10": 0.9296875
        },
        "test_acc": {
            "0": 0.140625,
            "1": 0.765625,
            "2": 0.8203125,
            "3": 0.78125,
            "4": 0.828125,
            "5": 0.8984375,
            "6": 0.8828125,
            "7": 0.890625,
            "8": 0.875,
            "9": 0.890625,
            "10": 0.8828125
        }
    },
    "statistics_data": {
        "TP": {
            "0": 956,
            "1": 1115,
            "2": 964,
            "3": 897,
            "4": 938,
            "5": 828,
            "6": 820,
            "7": 921,
            "8": 856,
            "9": 856
        },
        "TN": {
            "0": 8958,
            "1": 8817,
            "2": 8854,
            "3": 8875,
            "4": 8840,
            "5": 8933,
            "6": 8985,
            "7": 8921,
            "8": 8932,
            "9": 8908
        },
        "FP": {
            "0": 48,
            "1": 33,
            "2": 100,
            "3": 100,
            "4": 164,
            "5": 163,
            "6": 41,
            "7": 38,
            "8": 79,
            "9": 67
        },
        "FN": {
            "0": 22,
            "1": 19,
            "2": 66,
            "3": 112,
            "4": 42,
            "5": 60,
            "6": 138,
            "7": 104,
            "8": 117,
            "9": 153
        },
        "Precision": {
            "0": 0.952191235059761,
            "1": 0.9712543554006968,
            "2": 0.9060150375939849,
            "3": 0.8996990972918756,
            "4": 0.8511796733212341,
            "5": 0.8355196770938446,
            "6": 0.9523809523809523,
            "7": 0.9603753910323254,
            "8": 0.9155080213903743,
            "9": 0.9274106175514626
        },
        "Recall": {
            "0": 0.9775051124744376,
            "1": 0.9832451499118166,
            "2": 0.9359223300970874,
            "3": 0.8889990089197225,
            "4": 0.9571428571428572,
            "5": 0.9324324324324325,
            "6": 0.8559498956158664,
            "7": 0.8985365853658537,
            "8": 0.8797533401849948,
            "9": 0.848364717542121
        },
        "F1 Score": {
            "0": 0.9646821392532795,
            "1": 0.9772129710780016,
            "2": 0.9207258834765998,
            "3": 0.8943170488534397,
            "4": 0.9010566762728146,
            "5": 0.8813198509845661,
            "6": 0.9015942825728421,
            "7": 0.9284274193548386,
            "8": 0.8972746331236897,
            "9": 0.886128364389234
        },
        "Test Accuracy": {
            "0": 0.9833133012820513,
            "1": NaN,
            "2": NaN,
            "3": NaN,
            "4": NaN,
            "5": NaN,
            "6": NaN,
            "7": NaN,
            "8": NaN,
            "9": NaN
        },
        "Test Loss": {
            "0": 88.85697937011719,
            "1": NaN,
            "2": NaN,
            "3": NaN,
            "4": NaN,
            "5": NaN,
            "6": NaN,
            "7": NaN,
            "8": NaN,
            "9": NaN
        }
    }
}