{
    "FLOPs": 127040,
    "accuracies": [
        0.9304,
        0.9304,
        0.9305,
        0.9304,
        0.9303,
        0.9304,
        0.9303,
        0.9303,
        0.9303,
        0.9305
    ],
    "train_data": {
        "epoch": {
            "0": 0.0,
            "1": 0.0,
            "2": 0.0,
            "3": 0.0,
            "4": 0.0,
            "5": 0.0,
            "6": 0.0,
            "7": 0.0,
            "8": 0.0,
            "9": 0.0,
            "10": 0.0
        },
        "iteration": {
            "0": 0.0,
            "1": 50.0,
            "2": 100.0,
            "3": 150.0,
            "4": 200.0,
            "5": 250.0,
            "6": 300.0,
            "7": 350.0,
            "8": 400.0,
            "9": 450.0,
            "10": 467.0
        },
        "train_loss": {
            "0": 5600.30322265625,
            "1": 273.6805419921875,
            "2": 188.3736572265625,
            "3": 117.06105041503906,
            "4": 56.81013488769531,
            "5": 41.953407287597656,
            "6": 63.34339904785156,
            "7": 75.9675064086914,
            "8": 20.858613967895508,
            "9": 49.50629806518555,
            "10": 15.234746932983398
        },
        "test_loss": {
            "0": 3555.515625,
            "1": 222.58131408691406,
            "2": 115.10401153564453,
            "3": 138.0357666015625,
            "4": 38.47522735595703,
            "5": 101.24065399169922,
            "6": 42.928977966308594,
            "7": 32.922847747802734,
            "8": 17.223527908325195,
            "9": 29.290348052978516,
            "10": 62.062400817871094
        },
        "train_acc": {
            "0": 0.1484375,
            "1": 0.8125,
            "2": 0.859375,
            "3": 0.8671875,
            "4": 0.9453125,
            "5": 0.9140625,
            "6": 0.9375,
            "7": 0.9609375,
            "8": 0.953125,
            "9": 0.8671875,
            "10": 0.9296875
        },
        "test_acc": {
            "0": 0.109375,
            "1": 0.8125,
            "2": 0.890625,
            "3": 0.890625,
            "4": 0.8984375,
            "5": 0.90625,
            "6": 0.9140625,
            "7": 0.921875,
            "8": 0.953125,
            "9": 0.9375,
            "10": 0.9375
        }
    },
    "statistics_data": {
        "TP": {
            "0": 960,
            "1": 1110,
            "2": 973,
            "3": 934,
            "4": 913,
            "5": 779,
            "6": 924,
            "7": 934,
            "8": 873,
            "9": 903
        },
        "TN": {
            "0": 8941,
            "1": 8828,
            "2": 8824,
            "3": 8891,
            "4": 8940,
            "5": 9048,
            "6": 8965,
            "7": 8907,
            "8": 8938,
            "9": 8893
        },
        "FP": {
            "0": 64,
            "1": 24,
            "2": 131,
            "3": 84,
            "4": 62,
            "5": 45,
            "6": 62,
            "7": 49,
            "8": 77,
            "9": 83
        },
        "FN": {
            "0": 19,
            "1": 22,
            "2": 56,
            "3": 75,
            "4": 69,
            "5": 112,
            "6": 33,
            "7": 94,
            "8": 96,
            "9": 105
        },
        "Precision": {
            "0": 0.9375,
            "1": 0.9788359788359788,
            "2": 0.8813405797101449,
            "3": 0.9174852652259332,
            "4": 0.9364102564102564,
            "5": 0.9453883495145631,
            "6": 0.9371196754563894,
            "7": 0.9501525940996948,
            "8": 0.9189473684210526,
            "9": 0.9158215010141988
        },
        "Recall": {
            "0": 0.9805924412665986,
            "1": 0.980565371024735,
            "2": 0.9455782312925171,
            "3": 0.9256689791873142,
            "4": 0.929735234215886,
            "5": 0.8742985409652076,
            "6": 0.9655172413793104,
            "7": 0.9085603112840467,
            "8": 0.9009287925696594,
            "9": 0.8958333333333334
        },
        "F1 Score": {
            "0": 0.9585621567648528,
            "1": 0.9796999117387466,
            "2": 0.9123300515705579,
            "3": 0.9215589541193883,
            "4": 0.9330608073582014,
            "5": 0.9084548104956268,
            "6": 0.9511065362840967,
            "7": 0.9288910989557434,
            "8": 0.9098488796248045,
            "9": 0.9057171514543632
        },
        "Test Accuracy": {
            "0": 0.9863581730769231,
            "1": NaN,
            "2": NaN,
            "3": NaN,
            "4": NaN,
            "5": NaN,
            "6": NaN,
            "7": NaN,
            "8": NaN,
            "9": NaN
        },
        "Test Loss": {
            "0": 62.062400817871094,
            "1": NaN,
            "2": NaN,
            "3": NaN,
            "4": NaN,
            "5": NaN,
            "6": NaN,
            "7": NaN,
            "8": NaN,
            "9": NaN
        }
    }
}