{
    "FLOPs": 142920,
    "accuracies": [
        0.9164,
        0.9164,
        0.9167,
        0.9164,
        0.9164,
        0.9165,
        0.9165,
        0.9163,
        0.9164,
        0.9167
    ],
    "train_data": {
        "epoch": {
            "0": 0.0,
            "1": 0.0,
            "2": 0.0,
            "3": 0.0,
            "4": 0.0,
            "5": 0.0,
            "6": 0.0,
            "7": 0.0,
            "8": 0.0,
            "9": 0.0,
            "10": 0.0
        },
        "iteration": {
            "0": 0.0,
            "1": 50.0,
            "2": 100.0,
            "3": 150.0,
            "4": 200.0,
            "5": 250.0,
            "6": 300.0,
            "7": 350.0,
            "8": 400.0,
            "9": 450.0,
            "10": 467.0
        },
        "train_loss": {
            "0": 11897.87890625,
            "1": 76.68203735351562,
            "2": 104.13041687011719,
            "3": 38.98854446411133,
            "4": 220.21490478515625,
            "5": 86.83885192871094,
            "6": 30.863393783569336,
            "7": 74.02098083496094,
            "8": 26.458545684814453,
            "9": 39.418922424316406,
            "10": 33.37015151977539
        },
        "test_loss": {
            "0": 5153.0908203125,
            "1": 52.98683166503906,
            "2": 98.89590454101562,
            "3": 132.72711181640625,
            "4": 77.16230010986328,
            "5": 46.02018737792969,
            "6": 71.03764343261719,
            "7": 29.780731201171875,
            "8": 43.278533935546875,
            "9": 32.42314529418945,
            "10": 73.36505889892578
        },
        "train_acc": {
            "0": 0.1328125,
            "1": 0.8828125,
            "2": 0.8828125,
            "3": 0.8984375,
            "4": 0.8984375,
            "5": 0.859375,
            "6": 0.9296875,
            "7": 0.8984375,
            "8": 0.953125,
            "9": 0.921875,
            "10": 0.9375
        },
        "test_acc": {
            "0": 0.09375,
            "1": 0.8359375,
            "2": 0.8671875,
            "3": 0.828125,
            "4": 0.90625,
            "5": 0.9296875,
            "6": 0.8984375,
            "7": 0.9375,
            "8": 0.9140625,
            "9": 0.9296875,
            "10": 0.8984375
        }
    },
    "statistics_data": {
        "TP": {
            "0": 962,
            "1": 1108,
            "2": 954,
            "3": 886,
            "4": 929,
            "5": 796,
            "6": 859,
            "7": 947,
            "8": 871,
            "9": 851
        },
        "TN": {
            "0": 8905,
            "1": 8813,
            "2": 8854,
            "3": 8907,
            "4": 8825,
            "5": 9040,
            "6": 8972,
            "7": 8901,
            "8": 8915,
            "9": 8903
        },
        "FP": {
            "0": 103,
            "1": 37,
            "2": 98,
            "3": 69,
            "4": 178,
            "5": 54,
            "6": 56,
            "7": 57,
            "8": 97,
            "9": 72
        },
        "FN": {
            "0": 14,
            "1": 26,
            "2": 78,
            "3": 122,
            "4": 52,
            "5": 94,
            "6": 97,
            "7": 79,
            "8": 101,
            "9": 158
        },
        "Precision": {
            "0": 0.9032863849765258,
            "1": 0.9676855895196507,
            "2": 0.9068441064638784,
            "3": 0.9277486910994764,
            "4": 0.8392050587172538,
            "5": 0.9364705882352942,
            "6": 0.9387978142076503,
            "7": 0.9432270916334662,
            "8": 0.8997933884297521,
            "9": 0.9219934994582882
        },
        "Recall": {
            "0": 0.985655737704918,
            "1": 0.9770723104056437,
            "2": 0.9244186046511628,
            "3": 0.878968253968254,
            "4": 0.9469928644240571,
            "5": 0.8943820224719101,
            "6": 0.8985355648535565,
            "7": 0.9230019493177388,
            "8": 0.8960905349794238,
            "9": 0.8434093161546086
        },
        "F1 Score": {
            "0": 0.9426751592356688,
            "1": 0.9723562966213252,
            "2": 0.9155470249520152,
            "3": 0.9026999490575649,
            "4": 0.889846743295019,
            "5": 0.9149425287356322,
            "6": 0.9182255478353821,
            "7": 0.9330049261083745,
            "8": 0.8979381443298968,
            "9": 0.880952380952381
        },
        "Test Accuracy": {
            "0": 0.9835536858974359,
            "1": NaN,
            "2": NaN,
            "3": NaN,
            "4": NaN,
            "5": NaN,
            "6": NaN,
            "7": NaN,
            "8": NaN,
            "9": NaN
        },
        "Test Loss": {
            "0": 73.36505889892578,
            "1": NaN,
            "2": NaN,
            "3": NaN,
            "4": NaN,
            "5": NaN,
            "6": NaN,
            "7": NaN,
            "8": NaN,
            "9": NaN
        }
    }
}