{
    "FLOPs": 47640,
    "accuracies": [
        0.91,
        0.91,
        0.9101,
        0.9102,
        0.9101,
        0.9099,
        0.9102,
        0.9099,
        0.91,
        0.91
    ],
    "train_data": {
        "epoch": {
            "0": 0.0,
            "1": 0.0,
            "2": 0.0,
            "3": 0.0,
            "4": 0.0,
            "5": 0.0,
            "6": 0.0,
            "7": 0.0,
            "8": 0.0,
            "9": 0.0,
            "10": 0.0
        },
        "iteration": {
            "0": 0.0,
            "1": 50.0,
            "2": 100.0,
            "3": 150.0,
            "4": 200.0,
            "5": 250.0,
            "6": 300.0,
            "7": 350.0,
            "8": 400.0,
            "9": 450.0,
            "10": 467.0
        },
        "train_loss": {
            "0": 62.95088577270508,
            "1": 34.612022399902344,
            "2": 26.842082977294922,
            "3": 20.991073608398438,
            "4": 14.874321937561035,
            "5": 15.333005905151367,
            "6": 14.652207374572754,
            "7": 11.421133995056152,
            "8": 12.589229583740234,
            "9": 9.58981704711914,
            "10": 9.16059398651123
        },
        "test_loss": {
            "0": 61.383018493652344,
            "1": 35.82533645629883,
            "2": 24.377944946289062,
            "3": 18.438892364501953,
            "4": 16.34450912475586,
            "5": 14.341898918151855,
            "6": 13.79781723022461,
            "7": 14.130187034606934,
            "8": 9.79103946685791,
            "9": 13.001026153564453,
            "10": 9.276893615722656
        },
        "train_acc": {
            "0": 0.171875,
            "1": 0.8046875,
            "2": 0.828125,
            "3": 0.875,
            "4": 0.90625,
            "5": 0.890625,
            "6": 0.875,
            "7": 0.8984375,
            "8": 0.8671875,
            "9": 0.9140625,
            "10": 0.9296875
        },
        "test_acc": {
            "0": 0.125,
            "1": 0.765625,
            "2": 0.8828125,
            "3": 0.859375,
            "4": 0.875,
            "5": 0.8984375,
            "6": 0.9140625,
            "7": 0.8828125,
            "8": 0.953125,
            "9": 0.8671875,
            "10": 0.8984375
        }
    },
    "statistics_data": {
        "TP": {
            "0": 961,
            "1": 1104,
            "2": 902,
            "3": 900,
            "4": 924,
            "5": 781,
            "6": 877,
            "7": 921,
            "8": 846,
            "9": 886
        },
        "TN": {
            "0": 8924,
            "1": 8804,
            "2": 8890,
            "3": 8867,
            "4": 8897,
            "5": 8980,
            "6": 8980,
            "7": 8875,
            "8": 8881,
            "9": 8876
        },
        "FP": {
            "0": 82,
            "1": 47,
            "2": 66,
            "3": 108,
            "4": 106,
            "5": 113,
            "6": 48,
            "7": 82,
            "8": 130,
            "9": 100
        },
        "FN": {
            "0": 17,
            "1": 29,
            "2": 126,
            "3": 109,
            "4": 57,
            "5": 110,
            "6": 79,
            "7": 106,
            "8": 127,
            "9": 122
        },
        "Precision": {
            "0": 0.9213806327900288,
            "1": 0.9591659426585578,
            "2": 0.9318181818181818,
            "3": 0.8928571428571429,
            "4": 0.8970873786407767,
            "5": 0.8736017897091722,
            "6": 0.9481081081081081,
            "7": 0.9182452642073778,
            "8": 0.8668032786885246,
            "9": 0.8985801217038539
        },
        "Recall": {
            "0": 0.9826175869120655,
            "1": 0.9744042365401588,
            "2": 0.877431906614786,
            "3": 0.8919722497522299,
            "4": 0.9418960244648318,
            "5": 0.8765432098765432,
            "6": 0.9173640167364017,
            "7": 0.8967867575462513,
            "8": 0.869475847893114,
            "9": 0.878968253968254
        },
        "F1 Score": {
            "0": 0.9510143493320138,
            "1": 0.9667250437828371,
            "2": 0.9038076152304609,
            "3": 0.8924144769459593,
            "4": 0.9189457981103929,
            "5": 0.8750700280112045,
            "6": 0.9324827219564061,
            "7": 0.9073891625615764,
            "8": 0.8681375064135454,
            "9": 0.8886659979939819
        },
        "Test Accuracy": {
            "0": 0.9823317307692307,
            "1": NaN,
            "2": NaN,
            "3": NaN,
            "4": NaN,
            "5": NaN,
            "6": NaN,
            "7": NaN,
            "8": NaN,
            "9": NaN
        },
        "Test Loss": {
            "0": 9.276893615722656,
            "1": NaN,
            "2": NaN,
            "3": NaN,
            "4": NaN,
            "5": NaN,
            "6": NaN,
            "7": NaN,
            "8": NaN,
            "9": NaN
        }
    }
}