{
    "FLOPs": 39700,
    "accuracies": [
        0.9116,
        0.9118,
        0.9114,
        0.9115,
        0.9114,
        0.9116,
        0.9114,
        0.9115,
        0.9115,
        0.9114
    ],
    "train_data": {
        "epoch": {
            "0": 0.0,
            "1": 0.0,
            "2": 0.0,
            "3": 0.0,
            "4": 0.0,
            "5": 0.0,
            "6": 0.0,
            "7": 0.0,
            "8": 0.0,
            "9": 0.0,
            "10": 0.0
        },
        "iteration": {
            "0": 0.0,
            "1": 50.0,
            "2": 100.0,
            "3": 150.0,
            "4": 200.0,
            "5": 250.0,
            "6": 300.0,
            "7": 350.0,
            "8": 400.0,
            "9": 450.0,
            "10": 467.0
        },
        "train_loss": {
            "0": 69.50973510742188,
            "1": 35.193111419677734,
            "2": 24.67715072631836,
            "3": 25.43366241455078,
            "4": 18.248119354248047,
            "5": 17.108781814575195,
            "6": 13.049971580505371,
            "7": 15.725953102111816,
            "8": 12.926029205322266,
            "9": 13.869762420654297,
            "10": 10.606884956359863
        },
        "test_loss": {
            "0": 62.11344909667969,
            "1": 33.47848892211914,
            "2": 26.038118362426758,
            "3": 21.097808837890625,
            "4": 17.2562313079834,
            "5": 15.235084533691406,
            "6": 16.67571449279785,
            "7": 19.452678680419922,
            "8": 11.37649154663086,
            "9": 12.350683212280273,
            "10": 13.378442764282227
        },
        "train_acc": {
            "0": 0.078125,
            "1": 0.7109375,
            "2": 0.875,
            "3": 0.8125,
            "4": 0.890625,
            "5": 0.8984375,
            "6": 0.9375,
            "7": 0.8828125,
            "8": 0.890625,
            "9": 0.8984375,
            "10": 0.9140625
        },
        "test_acc": {
            "0": 0.0625,
            "1": 0.734375,
            "2": 0.8046875,
            "3": 0.859375,
            "4": 0.9296875,
            "5": 0.8828125,
            "6": 0.890625,
            "7": 0.8671875,
            "8": 0.9296875,
            "9": 0.921875,
            "10": 0.921875
        }
    },
    "statistics_data": {
        "TP": {
            "0": 958,
            "1": 1104,
            "2": 916,
            "3": 905,
            "4": 934,
            "5": 755,
            "6": 893,
            "7": 919,
            "8": 865,
            "9": 865
        },
        "TN": {
            "0": 8936,
            "1": 8798,
            "2": 8869,
            "3": 8875,
            "4": 8874,
            "5": 9000,
            "6": 8969,
            "7": 8882,
            "8": 8881,
            "9": 8902
        },
        "FP": {
            "0": 70,
            "1": 52,
            "2": 85,
            "3": 100,
            "4": 128,
            "5": 93,
            "6": 58,
            "7": 77,
            "8": 132,
            "9": 75
        },
        "FN": {
            "0": 20,
            "1": 30,
            "2": 114,
            "3": 104,
            "4": 48,
            "5": 136,
            "6": 64,
            "7": 106,
            "8": 106,
            "9": 142
        },
        "Precision": {
            "0": 0.9319066147859922,
            "1": 0.9550173010380623,
            "2": 0.9150849150849151,
            "3": 0.900497512437811,
            "4": 0.879472693032015,
            "5": 0.8903301886792453,
            "6": 0.9390115667718192,
            "7": 0.9226907630522089,
            "8": 0.8676028084252758,
            "9": 0.9202127659574468
        },
        "Recall": {
            "0": 0.9795501022494888,
            "1": 0.9735449735449735,
            "2": 0.8893203883495145,
            "3": 0.8969276511397423,
            "4": 0.9511201629327902,
            "5": 0.8473625140291807,
            "6": 0.9331243469174504,
            "7": 0.8965853658536586,
            "8": 0.8908341915550978,
            "9": 0.858987090367428
        },
        "F1 Score": {
            "0": 0.9551345962113659,
            "1": 0.9641921397379912,
            "2": 0.9020187099950764,
            "3": 0.8987090367428003,
            "4": 0.913894324853229,
            "5": 0.8683151236342725,
            "6": 0.9360587002096435,
            "7": 0.9094507669470558,
            "8": 0.8790650406504065,
            "9": 0.8885464817668208
        },
        "Test Accuracy": {
            "0": 0.9825721153846154,
            "1": NaN,
            "2": NaN,
            "3": NaN,
            "4": NaN,
            "5": NaN,
            "6": NaN,
            "7": NaN,
            "8": NaN,
            "9": NaN
        },
        "Test Loss": {
            "0": 13.378442764282227,
            "1": NaN,
            "2": NaN,
            "3": NaN,
            "4": NaN,
            "5": NaN,
            "6": NaN,
            "7": NaN,
            "8": NaN,
            "9": NaN
        }
    }
}