{
    "FLOPs": 95280,
    "accuracies": [
        0.7283,
        0.7286,
        0.7283,
        0.7284,
        0.7287,
        0.7282,
        0.7281,
        0.7282,
        0.7286,
        0.7287
    ],
    "train_data": {
        "epoch": {
            "0": 0.0,
            "1": 0.0,
            "2": 0.0,
            "3": 0.0,
            "4": 0.0,
            "5": 0.0,
            "6": 0.0,
            "7": 0.0,
            "8": 0.0,
            "9": 0.0,
            "10": 0.0
        },
        "iteration": {
            "0": 0.0,
            "1": 50.0,
            "2": 100.0,
            "3": 150.0,
            "4": 200.0,
            "5": 250.0,
            "6": 300.0,
            "7": 350.0,
            "8": 400.0,
            "9": 450.0,
            "10": 467.0
        },
        "train_loss": {
            "0": 57.5941047668457,
            "1": 57.28449630737305,
            "2": 55.04336929321289,
            "3": 52.45777893066406,
            "4": 49.12263107299805,
            "5": 46.38015365600586,
            "6": 44.05964660644531,
            "7": 41.77742385864258,
            "8": 40.237735748291016,
            "9": 39.9511833190918,
            "10": 38.90254592895508
        },
        "test_loss": {
            "0": 57.61516571044922,
            "1": 57.27525329589844,
            "2": 55.15123748779297,
            "3": 52.37336349487305,
            "4": 48.764625549316406,
            "5": 46.0765266418457,
            "6": 44.07096862792969,
            "7": 41.7933349609375,
            "8": 41.1165657043457,
            "9": 39.63334274291992,
            "10": 38.45418167114258
        },
        "train_acc": {
            "0": 0.140625,
            "1": 0.0625,
            "2": 0.0703125,
            "3": 0.15625,
            "4": 0.265625,
            "5": 0.4453125,
            "6": 0.5859375,
            "7": 0.6328125,
            "8": 0.703125,
            "9": 0.78125,
            "10": 0.7265625
        },
        "test_acc": {
            "0": 0.109375,
            "1": 0.078125,
            "2": 0.0859375,
            "3": 0.0546875,
            "4": 0.2734375,
            "5": 0.453125,
            "6": 0.5703125,
            "7": 0.671875,
            "8": 0.703125,
            "9": 0.7265625,
            "10": 0.734375
        }
    },
    "statistics_data": {
        "TP": {
            "0": 959,
            "1": 1034,
            "2": 844,
            "3": 785,
            "4": 719,
            "5": 108,
            "6": 874,
            "7": 890,
            "8": 409,
            "9": 662
        },
        "TN": {
            "0": 7559,
            "1": 8798,
            "2": 8804,
            "3": 8652,
            "4": 8864,
            "5": 9092,
            "6": 8904,
            "7": 8732,
            "8": 8951,
            "9": 8800
        },
        "FP": {
            "0": 1446,
            "1": 53,
            "2": 150,
            "3": 324,
            "4": 141,
            "5": 1,
            "6": 123,
            "7": 225,
            "8": 61,
            "9": 176
        },
        "FN": {
            "0": 20,
            "1": 99,
            "2": 186,
            "3": 223,
            "4": 260,
            "5": 783,
            "6": 83,
            "7": 137,
            "8": 563,
            "9": 346
        },
        "Precision": {
            "0": 0.3987525987525988,
            "1": 0.9512419503219871,
            "2": 0.8490945674044266,
            "3": 0.7078449053201082,
            "4": 0.836046511627907,
            "5": 0.9908256880733946,
            "6": 0.876629889669007,
            "7": 0.7982062780269058,
            "8": 0.8702127659574468,
            "9": 0.7899761336515513
        },
        "Recall": {
            "0": 0.9795709908069459,
            "1": 0.912621359223301,
            "2": 0.8194174757281554,
            "3": 0.7787698412698413,
            "4": 0.7344228804902962,
            "5": 0.12121212121212122,
            "6": 0.9132706374085684,
            "7": 0.866601752677702,
            "8": 0.4207818930041152,
            "9": 0.6567460317460317
        },
        "F1 Score": {
            "0": 0.5667848699763594,
            "1": 0.9315315315315315,
            "2": 0.83399209486166,
            "3": 0.7416154936230516,
            "4": 0.7819467101685699,
            "5": 0.21599999999999997,
            "6": 0.894575230296827,
            "7": 0.8309990662931839,
            "8": 0.5672676837725381,
            "9": 0.7172264355362946
        },
        "Test Accuracy": {
            "0": 0.9459134615384616,
            "1": NaN,
            "2": NaN,
            "3": NaN,
            "4": NaN,
            "5": NaN,
            "6": NaN,
            "7": NaN,
            "8": NaN,
            "9": NaN
        },
        "Test Loss": {
            "0": 38.45418167114258,
            "1": NaN,
            "2": NaN,
            "3": NaN,
            "4": NaN,
            "5": NaN,
            "6": NaN,
            "7": NaN,
            "8": NaN,
            "9": NaN
        }
    }
}