{
    "FLOPs": 158800,
    "accuracies": [
        0.92,
        0.9202,
        0.9201,
        0.9201,
        0.92,
        0.9201,
        0.9202,
        0.9201,
        0.9202,
        0.9202
    ],
    "train_data": {
        "epoch": {
            "0": 0.0,
            "1": 0.0,
            "2": 0.0,
            "3": 0.0,
            "4": 0.0,
            "5": 0.0,
            "6": 0.0,
            "7": 0.0,
            "8": 0.0,
            "9": 0.0,
            "10": 0.0
        },
        "iteration": {
            "0": 0.0,
            "1": 50.0,
            "2": 100.0,
            "3": 150.0,
            "4": 200.0,
            "5": 250.0,
            "6": 300.0,
            "7": 350.0,
            "8": 400.0,
            "9": 450.0,
            "10": 467.0
        },
        "train_loss": {
            "0": 59.01869201660156,
            "1": 20.40968894958496,
            "2": 15.48239803314209,
            "3": 12.36548900604248,
            "4": 10.185050964355469,
            "5": 13.686113357543945,
            "6": 10.54184627532959,
            "7": 8.594884872436523,
            "8": 11.254661560058594,
            "9": 11.204030990600586,
            "10": 6.551943778991699
        },
        "test_loss": {
            "0": 55.662445068359375,
            "1": 21.854890823364258,
            "2": 10.917658805847168,
            "3": 9.189672470092773,
            "4": 11.80926513671875,
            "5": 7.0548996925354,
            "6": 7.880284309387207,
            "7": 9.669853210449219,
            "8": 10.002097129821777,
            "9": 11.321500778198242,
            "10": 4.215497016906738
        },
        "train_acc": {
            "0": 0.1015625,
            "1": 0.828125,
            "2": 0.8671875,
            "3": 0.9140625,
            "4": 0.921875,
            "5": 0.8828125,
            "6": 0.875,
            "7": 0.90625,
            "8": 0.8828125,
            "9": 0.8828125,
            "10": 0.9375
        },
        "test_acc": {
            "0": 0.171875,
            "1": 0.8515625,
            "2": 0.9140625,
            "3": 0.8984375,
            "4": 0.890625,
            "5": 0.9375,
            "6": 0.953125,
            "7": 0.90625,
            "8": 0.921875,
            "9": 0.9140625,
            "10": 0.953125
        }
    },
    "statistics_data": {
        "TP": {
            "0": 943,
            "1": 1109,
            "2": 916,
            "3": 912,
            "4": 939,
            "5": 793,
            "6": 893,
            "7": 941,
            "8": 898,
            "9": 857
        },
        "TN": {
            "0": 8969,
            "1": 8799,
            "2": 8887,
            "3": 8875,
            "4": 8881,
            "5": 8981,
            "6": 8980,
            "7": 8908,
            "8": 8874,
            "9": 8919
        },
        "FP": {
            "0": 38,
            "1": 54,
            "2": 67,
            "3": 99,
            "4": 121,
            "5": 111,
            "6": 48,
            "7": 50,
            "8": 137,
            "9": 58
        },
        "FN": {
            "0": 34,
            "1": 22,
            "2": 114,
            "3": 98,
            "4": 43,
            "5": 99,
            "6": 63,
            "7": 85,
            "8": 75,
            "9": 150
        },
        "Precision": {
            "0": 0.9612640163098879,
            "1": 0.9535683576956148,
            "2": 0.9318413021363174,
            "3": 0.9020771513353115,
            "4": 0.8858490566037736,
            "5": 0.8772123893805309,
            "6": 0.9489904357066951,
            "7": 0.9495459132189707,
            "8": 0.8676328502415459,
            "9": 0.9366120218579235
        },
        "Recall": {
            "0": 0.9651995905834186,
            "1": 0.9805481874447391,
            "2": 0.8893203883495145,
            "3": 0.902970297029703,
            "4": 0.9562118126272913,
            "5": 0.8890134529147982,
            "6": 0.9341004184100419,
            "7": 0.9171539961013645,
            "8": 0.9229188078108942,
            "9": 0.8510427010923535
        },
        "F1 Score": {
            "0": 0.9632277834525025,
            "1": 0.966870095902354,
            "2": 0.9100844510680576,
            "3": 0.9025235032162297,
            "4": 0.919686581782566,
            "5": 0.8830734966592428,
            "6": 0.94148655772272,
            "7": 0.9330689142290531,
            "8": 0.8944223107569721,
            "9": 0.8917793964620188
        },
        "Test Accuracy": {
            "0": 0.9843149038461538,
            "1": NaN,
            "2": NaN,
            "3": NaN,
            "4": NaN,
            "5": NaN,
            "6": NaN,
            "7": NaN,
            "8": NaN,
            "9": NaN
        },
        "Test Loss": {
            "0": 4.215497016906738,
            "1": NaN,
            "2": NaN,
            "3": NaN,
            "4": NaN,
            "5": NaN,
            "6": NaN,
            "7": NaN,
            "8": NaN,
            "9": NaN
        }
    }
}