{
    "FLOPs": 79400,
    "accuracies": [
        0.9119,
        0.9119,
        0.912,
        0.912,
        0.912,
        0.9117,
        0.9117,
        0.9118,
        0.912,
        0.9117
    ],
    "train_data": {
        "epoch": {
            "0": 0.0,
            "1": 0.0,
            "2": 0.0,
            "3": 0.0,
            "4": 0.0,
            "5": 0.0,
            "6": 0.0,
            "7": 0.0,
            "8": 0.0,
            "9": 0.0,
            "10": 0.0
        },
        "iteration": {
            "0": 0.0,
            "1": 50.0,
            "2": 100.0,
            "3": 150.0,
            "4": 200.0,
            "5": 250.0,
            "6": 300.0,
            "7": 350.0,
            "8": 400.0,
            "9": 450.0,
            "10": 467.0
        },
        "train_loss": {
            "0": 4876.92724609375,
            "1": 236.08575439453125,
            "2": 161.63832092285156,
            "3": 144.6884765625,
            "4": 48.84425354003906,
            "5": 78.20927429199219,
            "6": 93.07987213134766,
            "7": 133.91116333007812,
            "8": 79.1803970336914,
            "9": 107.70114135742188,
            "10": 74.7627182006836
        },
        "test_loss": {
            "0": 4298.98046875,
            "1": 104.53087615966797,
            "2": 92.0648193359375,
            "3": 82.07251739501953,
            "4": 29.369796752929688,
            "5": 110.95037078857422,
            "6": 80.4915771484375,
            "7": 149.01718139648438,
            "8": 36.72160339355469,
            "9": 44.486351013183594,
            "10": 44.886192321777344
        },
        "train_acc": {
            "0": 0.1015625,
            "1": 0.8046875,
            "2": 0.8046875,
            "3": 0.8203125,
            "4": 0.8984375,
            "5": 0.875,
            "6": 0.8828125,
            "7": 0.9375,
            "8": 0.8984375,
            "9": 0.8828125,
            "10": 0.9140625
        },
        "test_acc": {
            "0": 0.1328125,
            "1": 0.8203125,
            "2": 0.84375,
            "3": 0.8984375,
            "4": 0.9296875,
            "5": 0.890625,
            "6": 0.8671875,
            "7": 0.890625,
            "8": 0.8828125,
            "9": 0.9453125,
            "10": 0.9140625
        }
    },
    "statistics_data": {
        "TP": {
            "0": 955,
            "1": 1114,
            "2": 952,
            "3": 914,
            "4": 887,
            "5": 737,
            "6": 911,
            "7": 946,
            "8": 826,
            "9": 877
        },
        "TN": {
            "0": 8970,
            "1": 8812,
            "2": 8865,
            "3": 8815,
            "4": 8925,
            "5": 9006,
            "6": 8967,
            "7": 8872,
            "8": 8892,
            "9": 8867
        },
        "FP": {
            "0": 35,
            "1": 37,
            "2": 88,
            "3": 162,
            "4": 81,
            "5": 87,
            "6": 61,
            "7": 87,
            "8": 119,
            "9": 108
        },
        "FN": {
            "0": 24,
            "1": 21,
            "2": 79,
            "3": 93,
            "4": 91,
            "5": 154,
            "6": 45,
            "7": 79,
            "8": 147,
            "9": 132
        },
        "Precision": {
            "0": 0.9646464646464646,
            "1": 0.9678540399652477,
            "2": 0.9153846153846154,
            "3": 0.8494423791821561,
            "4": 0.9163223140495868,
            "5": 0.8944174757281553,
            "6": 0.9372427983539094,
            "7": 0.9157792836398838,
            "8": 0.8740740740740741,
            "9": 0.8903553299492386
        },
        "Recall": {
            "0": 0.975485188968335,
            "1": 0.9814977973568282,
            "2": 0.9233753637245393,
            "3": 0.9076464746772592,
            "4": 0.9069529652351738,
            "5": 0.8271604938271605,
            "6": 0.952928870292887,
            "7": 0.9229268292682927,
            "8": 0.8489208633093526,
            "9": 0.869177403369673
        },
        "F1 Score": {
            "0": 0.9700355510411376,
            "1": 0.9746281714785653,
            "2": 0.9193626267503622,
            "3": 0.8775804128660587,
            "4": 0.9116135662898253,
            "5": 0.8594752186588921,
            "6": 0.9450207468879668,
            "7": 0.9193391642371235,
            "8": 0.8613138686131386,
            "9": 0.8796389167502509
        },
        "Test Accuracy": {
            "0": 0.9826722756410257,
            "1": NaN,
            "2": NaN,
            "3": NaN,
            "4": NaN,
            "5": NaN,
            "6": NaN,
            "7": NaN,
            "8": NaN,
            "9": NaN
        },
        "Test Loss": {
            "0": 44.886192321777344,
            "1": NaN,
            "2": NaN,
            "3": NaN,
            "4": NaN,
            "5": NaN,
            "6": NaN,
            "7": NaN,
            "8": NaN,
            "9": NaN
        }
    }
}