{
    "FLOPs": 79400,
    "accuracies": [
        0.9092,
        0.9091,
        0.9092,
        0.909,
        0.9092,
        0.909,
        0.909,
        0.9091,
        0.9092,
        0.9091
    ],
    "train_data": {
        "epoch": {
            "0": 0.0,
            "1": 0.0,
            "2": 0.0,
            "3": 0.0,
            "4": 0.0,
            "5": 0.0,
            "6": 0.0,
            "7": 0.0,
            "8": 0.0,
            "9": 0.0,
            "10": 0.0
        },
        "iteration": {
            "0": 0.0,
            "1": 50.0,
            "2": 100.0,
            "3": 150.0,
            "4": 200.0,
            "5": 250.0,
            "6": 300.0,
            "7": 350.0,
            "8": 400.0,
            "9": 450.0,
            "10": 467.0
        },
        "train_loss": {
            "0": 66.04308319091797,
            "1": 32.32033920288086,
            "2": 21.75157356262207,
            "3": 17.336875915527344,
            "4": 12.499713897705078,
            "5": 12.738454818725586,
            "6": 16.450544357299805,
            "7": 13.369894027709961,
            "8": 10.050599098205566,
            "9": 7.096548557281494,
            "10": 7.167819976806641
        },
        "test_loss": {
            "0": 63.14207458496094,
            "1": 32.99733352661133,
            "2": 16.621177673339844,
            "3": 15.431406021118164,
            "4": 12.640756607055664,
            "5": 12.584172248840332,
            "6": 15.526418685913086,
            "7": 9.69771957397461,
            "8": 6.692568302154541,
            "9": 10.371981620788574,
            "10": 12.898616790771484
        },
        "train_acc": {
            "0": 0.0859375,
            "1": 0.7734375,
            "2": 0.7734375,
            "3": 0.8515625,
            "4": 0.890625,
            "5": 0.859375,
            "6": 0.84375,
            "7": 0.859375,
            "8": 0.921875,
            "9": 0.9375,
            "10": 0.953125
        },
        "test_acc": {
            "0": 0.0625,
            "1": 0.7421875,
            "2": 0.90625,
            "3": 0.8515625,
            "4": 0.859375,
            "5": 0.859375,
            "6": 0.859375,
            "7": 0.9140625,
            "8": 0.9453125,
            "9": 0.890625,
            "10": 0.8671875
        }
    },
    "statistics_data": {
        "TP": {
            "0": 965,
            "1": 1110,
            "2": 918,
            "3": 932,
            "4": 923,
            "5": 766,
            "6": 898,
            "7": 929,
            "8": 849,
            "9": 802
        },
        "TN": {
            "0": 8929,
            "1": 8809,
            "2": 8893,
            "3": 8856,
            "4": 8820,
            "5": 9008,
            "6": 8979,
            "7": 8892,
            "8": 8906,
            "9": 8872
        },
        "FP": {
            "0": 76,
            "1": 42,
            "2": 61,
            "3": 121,
            "4": 183,
            "5": 85,
            "6": 49,
            "7": 67,
            "8": 104,
            "9": 104
        },
        "FN": {
            "0": 14,
            "1": 23,
            "2": 112,
            "3": 75,
            "4": 58,
            "5": 125,
            "6": 58,
            "7": 96,
            "8": 125,
            "9": 206
        },
        "Precision": {
            "0": 0.9269932756964457,
            "1": 0.9635416666666666,
            "2": 0.9376915219611849,
            "3": 0.8850902184235517,
            "4": 0.8345388788426763,
            "5": 0.900117508813161,
            "6": 0.9482576557550159,
            "7": 0.9327309236947792,
            "8": 0.8908709338929696,
            "9": 0.8852097130242825
        },
        "Recall": {
            "0": 0.9856996935648621,
            "1": 0.9796999117387467,
            "2": 0.8912621359223301,
            "3": 0.9255213505461768,
            "4": 0.9408766564729868,
            "5": 0.8597081930415263,
            "6": 0.9393305439330544,
            "7": 0.9063414634146342,
            "8": 0.8716632443531828,
            "9": 0.7956349206349206
        },
        "F1 Score": {
            "0": 0.9554455445544554,
            "1": 0.9715536105032823,
            "2": 0.9138875062220009,
            "3": 0.9048543689320389,
            "4": 0.8845232390991854,
            "5": 0.8794489092996555,
            "6": 0.9437729900157645,
            "7": 0.9193468579910936,
            "8": 0.881162428645563,
            "9": 0.8380355276907
        },
        "Test Accuracy": {
            "0": 0.9821314102564103,
            "1": NaN,
            "2": NaN,
            "3": NaN,
            "4": NaN,
            "5": NaN,
            "6": NaN,
            "7": NaN,
            "8": NaN,
            "9": NaN
        },
        "Test Loss": {
            "0": 12.898616790771484,
            "1": NaN,
            "2": NaN,
            "3": NaN,
            "4": NaN,
            "5": NaN,
            "6": NaN,
            "7": NaN,
            "8": NaN,
            "9": NaN
        }
    }
}