{
    "FLOPs": 63520,
    "accuracies": [
        0.9147,
        0.9148,
        0.9147,
        0.9147,
        0.9147,
        0.9147,
        0.9147,
        0.9146,
        0.9147,
        0.9147
    ],
    "train_data": {
        "epoch": {
            "0": 0.0,
            "1": 0.0,
            "2": 0.0,
            "3": 0.0,
            "4": 0.0,
            "5": 0.0,
            "6": 0.0,
            "7": 0.0,
            "8": 0.0,
            "9": 0.0,
            "10": 0.0
        },
        "iteration": {
            "0": 0.0,
            "1": 50.0,
            "2": 100.0,
            "3": 150.0,
            "4": 200.0,
            "5": 250.0,
            "6": 300.0,
            "7": 350.0,
            "8": 400.0,
            "9": 450.0,
            "10": 467.0
        },
        "train_loss": {
            "0": 4157.4736328125,
            "1": 190.67750549316406,
            "2": 49.18345260620117,
            "3": 38.356163024902344,
            "4": 71.36422729492188,
            "5": 138.30999755859375,
            "6": 36.38189697265625,
            "7": 41.87382888793945,
            "8": 103.05117797851562,
            "9": 38.53855895996094,
            "10": 50.51280975341797
        },
        "test_loss": {
            "0": 2718.338134765625,
            "1": 171.07803344726562,
            "2": 238.18606567382812,
            "3": 351.7584228515625,
            "4": 98.37922668457031,
            "5": 162.1397247314453,
            "6": 22.1055965423584,
            "7": 82.54473114013672,
            "8": 46.659996032714844,
            "9": 79.53297424316406,
            "10": 152.45614624023438
        },
        "train_acc": {
            "0": 0.09375,
            "1": 0.734375,
            "2": 0.828125,
            "3": 0.890625,
            "4": 0.8671875,
            "5": 0.8359375,
            "6": 0.890625,
            "7": 0.9296875,
            "8": 0.8984375,
            "9": 0.953125,
            "10": 0.9375
        },
        "test_acc": {
            "0": 0.1640625,
            "1": 0.8046875,
            "2": 0.8515625,
            "3": 0.8125,
            "4": 0.890625,
            "5": 0.859375,
            "6": 0.9375,
            "7": 0.8984375,
            "8": 0.890625,
            "9": 0.9140625,
            "10": 0.9375
        }
    },
    "statistics_data": {
        "TP": {
            "0": 951,
            "1": 1108,
            "2": 949,
            "3": 932,
            "4": 907,
            "5": 767,
            "6": 920,
            "7": 914,
            "8": 868,
            "9": 833
        },
        "TN": {
            "0": 8940,
            "1": 8814,
            "2": 8873,
            "3": 8877,
            "4": 8854,
            "5": 9039,
            "6": 8955,
            "7": 8874,
            "8": 8921,
            "9": 8874
        },
        "FP": {
            "0": 65,
            "1": 37,
            "2": 79,
            "3": 97,
            "4": 152,
            "5": 57,
            "6": 72,
            "7": 83,
            "8": 92,
            "9": 101
        },
        "FN": {
            "0": 28,
            "1": 25,
            "2": 83,
            "3": 78,
            "4": 71,
            "5": 121,
            "6": 37,
            "7": 113,
            "8": 103,
            "9": 176
        },
        "Precision": {
            "0": 0.9360236220472441,
            "1": 0.9676855895196507,
            "2": 0.9231517509727627,
            "3": 0.9057337220602527,
            "4": 0.8564683663833805,
            "5": 0.9308252427184466,
            "6": 0.9274193548387096,
            "7": 0.9167502507522568,
            "8": 0.9041666666666667,
            "9": 0.8918629550321199
        },
        "Recall": {
            "0": 0.9713993871297242,
            "1": 0.9779346866725508,
            "2": 0.9195736434108527,
            "3": 0.9227722772277228,
            "4": 0.9274028629856851,
            "5": 0.8637387387387387,
            "6": 0.9613375130616509,
            "7": 0.8899707887049659,
            "8": 0.893923789907312,
            "9": 0.8255698711595639
        },
        "F1 Score": {
            "0": 0.9533834586466167,
            "1": 0.9727831431079894,
            "2": 0.921359223300971,
            "3": 0.91417361451692,
            "4": 0.8905252822778597,
            "5": 0.8960280373831775,
            "6": 0.944073884043099,
            "7": 0.9031620553359683,
            "8": 0.8990160538581046,
            "9": 0.8574369531652084
        },
        "Test Accuracy": {
            "0": 0.9832732371794872,
            "1": NaN,
            "2": NaN,
            "3": NaN,
            "4": NaN,
            "5": NaN,
            "6": NaN,
            "7": NaN,
            "8": NaN,
            "9": NaN
        },
        "Test Loss": {
            "0": 152.45614624023438,
            "1": NaN,
            "2": NaN,
            "3": NaN,
            "4": NaN,
            "5": NaN,
            "6": NaN,
            "7": NaN,
            "8": NaN,
            "9": NaN
        }
    }
}