{
    "FLOPs": 23820,
    "accuracies": [
        0.263,
        0.2631,
        0.2628,
        0.2633,
        0.2632,
        0.2629,
        0.2632,
        0.2632,
        0.2632,
        0.2633
    ],
    "train_data": {
        "epoch": {
            "0": 0.0,
            "1": 0.0,
            "2": 0.0,
            "3": 0.0,
            "4": 0.0,
            "5": 0.0,
            "6": 0.0,
            "7": 0.0,
            "8": 0.0,
            "9": 0.0,
            "10": 0.0
        },
        "iteration": {
            "0": 0.0,
            "1": 50.0,
            "2": 100.0,
            "3": 150.0,
            "4": 200.0,
            "5": 250.0,
            "6": 300.0,
            "7": 350.0,
            "8": 400.0,
            "9": 450.0,
            "10": 467.0
        },
        "train_loss": {
            "0": 57.61478042602539,
            "1": 57.43824005126953,
            "2": 56.264251708984375,
            "3": 55.4444465637207,
            "4": 54.967620849609375,
            "5": 54.29839324951172,
            "6": 51.9775276184082,
            "7": 50.7823371887207,
            "8": 51.08665466308594,
            "9": 49.599327087402344,
            "10": 50.130924224853516
        },
        "test_loss": {
            "0": 57.655250549316406,
            "1": 57.21162414550781,
            "2": 56.84306716918945,
            "3": 55.71415328979492,
            "4": 54.40594482421875,
            "5": 53.43769454956055,
            "6": 52.03678894042969,
            "7": 51.785884857177734,
            "8": 50.165489196777344,
            "9": 48.635597229003906,
            "10": 48.887962341308594
        },
        "train_acc": {
            "0": 0.078125,
            "1": 0.109375,
            "2": 0.109375,
            "3": 0.0859375,
            "4": 0.078125,
            "5": 0.078125,
            "6": 0.15625,
            "7": 0.2109375,
            "8": 0.203125,
            "9": 0.2890625,
            "10": 0.21875
        },
        "test_acc": {
            "0": 0.09375,
            "1": 0.1171875,
            "2": 0.078125,
            "3": 0.125,
            "4": 0.1015625,
            "5": 0.1171875,
            "6": 0.140625,
            "7": 0.15625,
            "8": 0.21875,
            "9": 0.3203125,
            "10": 0.3046875
        }
    },
    "statistics_data": {
        "TP": {
            "0": 979,
            "1": 0,
            "2": 526,
            "3": 365,
            "4": 0,
            "5": 23,
            "6": 0,
            "7": 729,
            "8": 0,
            "9": 8
        },
        "TN": {
            "0": 2578,
            "1": 8851,
            "2": 8655,
            "3": 8900,
            "4": 9005,
            "5": 9093,
            "6": 9026,
            "7": 8406,
            "8": 9012,
            "9": 8976
        },
        "FP": {
            "0": 6427,
            "1": 0,
            "2": 298,
            "3": 76,
            "4": 0,
            "5": 1,
            "6": 0,
            "7": 552,
            "8": 0,
            "9": 0
        },
        "FN": {
            "0": 0,
            "1": 1133,
            "2": 505,
            "3": 643,
            "4": 979,
            "5": 867,
            "6": 958,
            "7": 297,
            "8": 972,
            "9": 1000
        },
        "Precision": {
            "0": 0.1321901161220632,
            "1": 0.0,
            "2": 0.6383495145631068,
            "3": 0.8276643990929705,
            "4": 0.0,
            "5": 0.9583333333333334,
            "6": 0.0,
            "7": 0.5690866510538641,
            "8": 0.0,
            "9": 1.0
        },
        "Recall": {
            "0": 1.0,
            "1": 0.0,
            "2": 0.510184287099903,
            "3": 0.3621031746031746,
            "4": 0.0,
            "5": 0.025842696629213482,
            "6": 0.0,
            "7": 0.7105263157894737,
            "8": 0.0,
            "9": 0.007936507936507936
        },
        "F1 Score": {
            "0": 0.23351222420989864,
            "1": 0.0,
            "2": 0.5671159029649596,
            "3": 0.5037957211870255,
            "4": 0.0,
            "5": 0.05032822757111598,
            "6": 0.0,
            "7": 0.6319895968790638,
            "8": 0.0,
            "9": 0.015748031496062992
        },
        "Test Accuracy": {
            "0": 0.8526842948717949,
            "1": NaN,
            "2": NaN,
            "3": NaN,
            "4": NaN,
            "5": NaN,
            "6": NaN,
            "7": NaN,
            "8": NaN,
            "9": NaN
        },
        "Test Loss": {
            "0": 48.887962341308594,
            "1": NaN,
            "2": NaN,
            "3": NaN,
            "4": NaN,
            "5": NaN,
            "6": NaN,
            "7": NaN,
            "8": NaN,
            "9": NaN
        }
    }
}