{
    "FLOPs": 111160,
    "accuracies": [
        0.9157,
        0.9158,
        0.9156,
        0.9156,
        0.9158,
        0.9155,
        0.9155,
        0.9158,
        0.9159,
        0.9156
    ],
    "train_data": {
        "epoch": {
            "0": 0.0,
            "1": 0.0,
            "2": 0.0,
            "3": 0.0,
            "4": 0.0,
            "5": 0.0,
            "6": 0.0,
            "7": 0.0,
            "8": 0.0,
            "9": 0.0,
            "10": 0.0
        },
        "iteration": {
            "0": 0.0,
            "1": 50.0,
            "2": 100.0,
            "3": 150.0,
            "4": 200.0,
            "5": 250.0,
            "6": 300.0,
            "7": 350.0,
            "8": 400.0,
            "9": 450.0,
            "10": 467.0
        },
        "train_loss": {
            "0": 60.72344970703125,
            "1": 26.11606216430664,
            "2": 17.21659278869629,
            "3": 9.708627700805664,
            "4": 10.249183654785156,
            "5": 12.10881519317627,
            "6": 11.896676063537598,
            "7": 8.651869773864746,
            "8": 8.286710739135742,
            "9": 6.5276689529418945,
            "10": 5.946662902832031
        },
        "test_loss": {
            "0": 58.6011962890625,
            "1": 25.05341911315918,
            "2": 13.729500770568848,
            "3": 13.679638862609863,
            "4": 12.205965042114258,
            "5": 12.43825912475586,
            "6": 10.990301132202148,
            "7": 9.857460021972656,
            "8": 9.956620216369629,
            "9": 7.816643238067627,
            "10": 7.658697128295898
        },
        "train_acc": {
            "0": 0.140625,
            "1": 0.828125,
            "2": 0.859375,
            "3": 0.9140625,
            "4": 0.9375,
            "5": 0.8828125,
            "6": 0.8828125,
            "7": 0.9296875,
            "8": 0.9609375,
            "9": 0.9140625,
            "10": 0.9375
        },
        "test_acc": {
            "0": 0.140625,
            "1": 0.8359375,
            "2": 0.890625,
            "3": 0.875,
            "4": 0.859375,
            "5": 0.875,
            "6": 0.859375,
            "7": 0.9375,
            "8": 0.8984375,
            "9": 0.90625,
            "10": 0.9140625
        }
    },
    "statistics_data": {
        "TP": {
            "0": 961,
            "1": 1105,
            "2": 937,
            "3": 947,
            "4": 919,
            "5": 776,
            "6": 903,
            "7": 948,
            "8": 869,
            "9": 792
        },
        "TN": {
            "0": 8951,
            "1": 8829,
            "2": 8896,
            "3": 8839,
            "4": 8894,
            "5": 9017,
            "6": 8976,
            "7": 8822,
            "8": 8918,
            "9": 8887
        },
        "FP": {
            "0": 55,
            "1": 22,
            "2": 58,
            "3": 138,
            "4": 111,
            "5": 75,
            "6": 51,
            "7": 135,
            "8": 92,
            "9": 90
        },
        "FN": {
            "0": 17,
            "1": 28,
            "2": 93,
            "3": 60,
            "4": 60,
            "5": 116,
            "6": 54,
            "7": 79,
            "8": 105,
            "9": 215
        },
        "Precision": {
            "0": 0.9458661417322834,
            "1": 0.9804791481810116,
            "2": 0.9417085427135679,
            "3": 0.8728110599078341,
            "4": 0.8922330097087379,
            "5": 0.9118683901292597,
            "6": 0.9465408805031447,
            "7": 0.8753462603878116,
            "8": 0.9042663891779397,
            "9": 0.8979591836734694
        },
        "Recall": {
            "0": 0.9826175869120655,
            "1": 0.9752868490732568,
            "2": 0.9097087378640777,
            "3": 0.9404170804369414,
            "4": 0.9387129724208376,
            "5": 0.8699551569506726,
            "6": 0.9435736677115988,
            "7": 0.9230769230769231,
            "8": 0.8921971252566735,
            "9": 0.7864945382323734
        },
        "F1 Score": {
            "0": 0.9638916750250752,
            "1": 0.9778761061946902,
            "2": 0.925432098765432,
            "3": 0.9053537284894838,
            "4": 0.9148830263812843,
            "5": 0.8904188181296616,
            "6": 0.945054945054945,
            "7": 0.8985781990521328,
            "8": 0.8981912144702842,
            "9": 0.8385389094759133
        },
        "Test Accuracy": {
            "0": 0.9834334935897436,
            "1": NaN,
            "2": NaN,
            "3": NaN,
            "4": NaN,
            "5": NaN,
            "6": NaN,
            "7": NaN,
            "8": NaN,
            "9": NaN
        },
        "Test Loss": {
            "0": 7.658697128295898,
            "1": NaN,
            "2": NaN,
            "3": NaN,
            "4": NaN,
            "5": NaN,
            "6": NaN,
            "7": NaN,
            "8": NaN,
            "9": NaN
        }
    }
}