{
    "FLOPs": 15880,
    "accuracies": [
        0.2399,
        0.2399,
        0.24,
        0.2395,
        0.2398,
        0.2396,
        0.2397,
        0.2398,
        0.2398,
        0.2397
    ],
    "train_data": {
        "epoch": {
            "0": 0.0,
            "1": 0.0,
            "2": 0.0,
            "3": 0.0,
            "4": 0.0,
            "5": 0.0,
            "6": 0.0,
            "7": 0.0,
            "8": 0.0,
            "9": 0.0,
            "10": 0.0
        },
        "iteration": {
            "0": 0.0,
            "1": 50.0,
            "2": 100.0,
            "3": 150.0,
            "4": 200.0,
            "5": 250.0,
            "6": 300.0,
            "7": 350.0,
            "8": 400.0,
            "9": 450.0,
            "10": 467.0
        },
        "train_loss": {
            "0": 57.563377380371094,
            "1": 57.411197662353516,
            "2": 56.780818939208984,
            "3": 56.32474136352539,
            "4": 55.34855270385742,
            "5": 54.40703582763672,
            "6": 53.3140869140625,
            "7": 52.005226135253906,
            "8": 50.98565673828125,
            "9": 49.934818267822266,
            "10": 48.89311218261719
        },
        "test_loss": {
            "0": 57.6729736328125,
            "1": 57.148563385009766,
            "2": 56.75388717651367,
            "3": 56.10352325439453,
            "4": 55.197139739990234,
            "5": 54.469146728515625,
            "6": 53.184993743896484,
            "7": 51.873165130615234,
            "8": 51.14472579956055,
            "9": 49.99732208251953,
            "10": 49.51971435546875
        },
        "train_acc": {
            "0": 0.0546875,
            "1": 0.109375,
            "2": 0.0546875,
            "3": 0.1328125,
            "4": 0.125,
            "5": 0.140625,
            "6": 0.109375,
            "7": 0.1796875,
            "8": 0.1484375,
            "9": 0.25,
            "10": 0.28125
        },
        "test_acc": {
            "0": 0.1328125,
            "1": 0.09375,
            "2": 0.1015625,
            "3": 0.109375,
            "4": 0.0703125,
            "5": 0.125,
            "6": 0.1328125,
            "7": 0.1953125,
            "8": 0.21875,
            "9": 0.1875,
            "10": 0.2421875
        }
    },
    "statistics_data": {
        "TP": {
            "0": 968,
            "1": 0,
            "2": 165,
            "3": 337,
            "4": 0,
            "5": 0,
            "6": 736,
            "7": 188,
            "8": 0,
            "9": 0
        },
        "TN": {
            "0": 1514,
            "1": 8850,
            "2": 8953,
            "3": 8949,
            "4": 9004,
            "5": 9092,
            "6": 8963,
            "7": 8952,
            "8": 9013,
            "9": 8976
        },
        "FP": {
            "0": 7493,
            "1": 0,
            "2": 1,
            "3": 26,
            "4": 0,
            "5": 0,
            "6": 66,
            "7": 4,
            "8": 0,
            "9": 0
        },
        "FN": {
            "0": 9,
            "1": 1134,
            "2": 865,
            "3": 672,
            "4": 980,
            "5": 892,
            "6": 219,
            "7": 840,
            "8": 971,
            "9": 1008
        },
        "Precision": {
            "0": 0.11440728046330222,
            "1": 0.0,
            "2": 0.9939759036144579,
            "3": 0.928374655647383,
            "4": 0.0,
            "5": 0.0,
            "6": 0.9177057356608479,
            "7": 0.9791666666666666,
            "8": 0.0,
            "9": 0.0
        },
        "Recall": {
            "0": 0.9907881269191402,
            "1": 0.0,
            "2": 0.16019417475728157,
            "3": 0.333994053518335,
            "4": 0.0,
            "5": 0.0,
            "6": 0.7706806282722513,
            "7": 0.1828793774319066,
            "8": 0.0,
            "9": 0.0
        },
        "F1 Score": {
            "0": 0.20512820512820515,
            "1": 0.0,
            "2": 0.2759197324414716,
            "3": 0.4912536443148688,
            "4": 0.0,
            "5": 0.0,
            "6": 0.8377916903813318,
            "7": 0.3081967213114754,
            "8": 0.0,
            "9": 0.0
        },
        "Test Accuracy": {
            "0": 0.8479567307692307,
            "1": NaN,
            "2": NaN,
            "3": NaN,
            "4": NaN,
            "5": NaN,
            "6": NaN,
            "7": NaN,
            "8": NaN,
            "9": NaN
        },
        "Test Loss": {
            "0": 49.51971435546875,
            "1": NaN,
            "2": NaN,
            "3": NaN,
            "4": NaN,
            "5": NaN,
            "6": NaN,
            "7": NaN,
            "8": NaN,
            "9": NaN
        }
    }
}