{
    "FLOPs": 142920,
    "accuracies": [
        0.6914,
        0.6913,
        0.6914,
        0.6912,
        0.6916,
        0.6915,
        0.6914,
        0.6914,
        0.6914,
        0.6913
    ],
    "train_data": {
        "epoch": {
            "0": 0.0,
            "1": 0.0,
            "2": 0.0,
            "3": 0.0,
            "4": 0.0,
            "5": 0.0,
            "6": 0.0,
            "7": 0.0,
            "8": 0.0,
            "9": 0.0,
            "10": 0.0
        },
        "iteration": {
            "0": 0.0,
            "1": 50.0,
            "2": 100.0,
            "3": 150.0,
            "4": 200.0,
            "5": 250.0,
            "6": 300.0,
            "7": 350.0,
            "8": 400.0,
            "9": 450.0,
            "10": 467.0
        },
        "train_loss": {
            "0": 57.621246337890625,
            "1": 56.98040771484375,
            "2": 53.960601806640625,
            "3": 50.37127685546875,
            "4": 47.65098571777344,
            "5": 43.57488250732422,
            "6": 42.426448822021484,
            "7": 40.69733810424805,
            "8": 39.4977912902832,
            "9": 37.31336212158203,
            "10": 36.59103012084961
        },
        "test_loss": {
            "0": 57.63754653930664,
            "1": 56.932037353515625,
            "2": 54.475521087646484,
            "3": 50.69001770019531,
            "4": 46.61561584472656,
            "5": 44.51659393310547,
            "6": 42.54513168334961,
            "7": 39.94492721557617,
            "8": 39.28899383544922,
            "9": 36.495094299316406,
            "10": 36.10513687133789
        },
        "train_acc": {
            "0": 0.0625,
            "1": 0.125,
            "2": 0.09375,
            "3": 0.140625,
            "4": 0.34375,
            "5": 0.5546875,
            "6": 0.59375,
            "7": 0.671875,
            "8": 0.6171875,
            "9": 0.71875,
            "10": 0.6796875
        },
        "test_acc": {
            "0": 0.0703125,
            "1": 0.078125,
            "2": 0.0703125,
            "3": 0.15625,
            "4": 0.3828125,
            "5": 0.5078125,
            "6": 0.640625,
            "7": 0.703125,
            "8": 0.65625,
            "9": 0.671875,
            "10": 0.734375
        }
    },
    "statistics_data": {
        "TP": {
            "0": 966,
            "1": 1102,
            "2": 781,
            "3": 852,
            "4": 259,
            "5": 233,
            "6": 836,
            "7": 937,
            "8": 349,
            "9": 603
        },
        "TN": {
            "0": 7926,
            "1": 8648,
            "2": 8880,
            "3": 8570,
            "4": 8985,
            "5": 9089,
            "6": 8891,
            "7": 8482,
            "8": 8973,
            "9": 8346
        },
        "FP": {
            "0": 1078,
            "1": 203,
            "2": 74,
            "3": 406,
            "4": 21,
            "5": 5,
            "6": 135,
            "7": 475,
            "8": 39,
            "9": 630
        },
        "FN": {
            "0": 14,
            "1": 31,
            "2": 249,
            "3": 156,
            "4": 719,
            "5": 657,
            "6": 122,
            "7": 90,
            "8": 623,
            "9": 405
        },
        "Precision": {
            "0": 0.4726027397260274,
            "1": 0.8444444444444444,
            "2": 0.9134502923976608,
            "3": 0.6772655007949125,
            "4": 0.925,
            "5": 0.9789915966386554,
            "6": 0.8609680741503605,
            "7": 0.6635977337110481,
            "8": 0.8994845360824743,
            "9": 0.48905109489051096
        },
        "Recall": {
            "0": 0.9857142857142858,
            "1": 0.9726390114739629,
            "2": 0.7582524271844661,
            "3": 0.8452380952380952,
            "4": 0.26482617586912066,
            "5": 0.26179775280898876,
            "6": 0.872651356993737,
            "7": 0.9123661148977604,
            "8": 0.35905349794238683,
            "9": 0.5982142857142857
        },
        "F1 Score": {
            "0": 0.638888888888889,
            "1": 0.9040196882690731,
            "2": 0.8286472148541114,
            "3": 0.7519858781994704,
            "4": 0.411764705882353,
            "5": 0.4131205673758866,
            "6": 0.866770347330223,
            "7": 0.7683476834768348,
            "8": 0.513235294117647,
            "9": 0.5381526104417671
        },
        "Test Accuracy": {
            "0": 0.9385817307692308,
            "1": NaN,
            "2": NaN,
            "3": NaN,
            "4": NaN,
            "5": NaN,
            "6": NaN,
            "7": NaN,
            "8": NaN,
            "9": NaN
        },
        "Test Loss": {
            "0": 36.10513687133789,
            "1": NaN,
            "2": NaN,
            "3": NaN,
            "4": NaN,
            "5": NaN,
            "6": NaN,
            "7": NaN,
            "8": NaN,
            "9": NaN
        }
    }
}