{
    "FLOPs": 15880,
    "accuracies": [
        0.5118,
        0.5117,
        0.5116,
        0.512,
        0.5121,
        0.5118,
        0.5119,
        0.5117,
        0.5119,
        0.5117
    ],
    "train_data": {
        "epoch": {
            "0": 0.0,
            "1": 0.0,
            "2": 0.0,
            "3": 0.0,
            "4": 0.0,
            "5": 0.0,
            "6": 0.0,
            "7": 0.0,
            "8": 0.0,
            "9": 0.0,
            "10": 0.0
        },
        "iteration": {
            "0": 0.0,
            "1": 50.0,
            "2": 100.0,
            "3": 150.0,
            "4": 200.0,
            "5": 250.0,
            "6": 300.0,
            "7": 350.0,
            "8": 400.0,
            "9": 450.0,
            "10": 467.0
        },
        "train_loss": {
            "0": 12099.271484375,
            "1": 2014.80517578125,
            "2": 1474.31591796875,
            "3": 785.54833984375,
            "4": 646.6136474609375,
            "5": 441.70318603515625,
            "6": 180.98118591308594,
            "7": 285.43365478515625,
            "8": 118.77748107910156,
            "9": 261.9796447753906,
            "10": 328.9566955566406
        },
        "test_loss": {
            "0": 9363.896484375,
            "1": 2034.1544189453125,
            "2": 1324.3431396484375,
            "3": 905.8338623046875,
            "4": 678.1484375,
            "5": 529.81982421875,
            "6": 314.2503662109375,
            "7": 622.5674438476562,
            "8": 343.297607421875,
            "9": 240.43115234375,
            "10": 173.7452850341797
        },
        "train_acc": {
            "0": 0.109375,
            "1": 0.3046875,
            "2": 0.328125,
            "3": 0.40625,
            "4": 0.3671875,
            "5": 0.40625,
            "6": 0.3515625,
            "7": 0.4140625,
            "8": 0.5234375,
            "9": 0.4765625,
            "10": 0.515625
        },
        "test_acc": {
            "0": 0.140625,
            "1": 0.34375,
            "2": 0.375,
            "3": 0.3671875,
            "4": 0.421875,
            "5": 0.40625,
            "6": 0.4765625,
            "7": 0.4453125,
            "8": 0.515625,
            "9": 0.5,
            "10": 0.515625
        }
    },
    "statistics_data": {
        "TP": {
            "0": 220,
            "1": 1107,
            "2": 692,
            "3": 311,
            "4": 3,
            "5": 336,
            "6": 1,
            "7": 784,
            "8": 836,
            "9": 829
        },
        "TN": {
            "0": 8347,
            "1": 8747,
            "2": 8412,
            "3": 8828,
            "4": 8999,
            "5": 8407,
            "6": 9017,
            "7": 8755,
            "8": 8237,
            "9": 7242
        },
        "FP": {
            "0": 659,
            "1": 105,
            "2": 541,
            "3": 149,
            "4": 5,
            "5": 685,
            "6": 11,
            "7": 202,
            "8": 774,
            "9": 1734
        },
        "FN": {
            "0": 758,
            "1": 25,
            "2": 339,
            "3": 696,
            "4": 977,
            "5": 556,
            "6": 955,
            "7": 243,
            "8": 137,
            "9": 179
        },
        "Precision": {
            "0": 0.2502844141069397,
            "1": 0.9133663366336634,
            "2": 0.5612327656123277,
            "3": 0.6760869565217391,
            "4": 0.375,
            "5": 0.32908912830558273,
            "6": 0.08333333333333333,
            "7": 0.795131845841785,
            "8": 0.5192546583850932,
            "9": 0.32344908310573545
        },
        "Recall": {
            "0": 0.2249488752556237,
            "1": 0.9779151943462897,
            "2": 0.6711930164888458,
            "3": 0.30883813306852037,
            "4": 0.003061224489795918,
            "5": 0.37668161434977576,
            "6": 0.0010460251046025104,
            "7": 0.7633885102239533,
            "8": 0.8591983556012333,
            "9": 0.8224206349206349
        },
        "F1 Score": {
            "0": 0.23694130317716747,
            "1": 0.9445392491467577,
            "2": 0.6113074204946997,
            "3": 0.4239945466939332,
            "4": 0.006072874493927126,
            "5": 0.35128071092524826,
            "6": 0.0020661157024793385,
            "7": 0.7789369100844511,
            "8": 0.6473093302361596,
            "9": 0.4642957154858582
        },
        "Test Accuracy": {
            "0": 0.9025440705128205,
            "1": NaN,
            "2": NaN,
            "3": NaN,
            "4": NaN,
            "5": NaN,
            "6": NaN,
            "7": NaN,
            "8": NaN,
            "9": NaN
        },
        "Test Loss": {
            "0": 173.7452850341797,
            "1": NaN,
            "2": NaN,
            "3": NaN,
            "4": NaN,
            "5": NaN,
            "6": NaN,
            "7": NaN,
            "8": NaN,
            "9": NaN
        }
    }
}