{
    "FLOPs": 111160,
    "accuracies": [
        0.6953,
        0.6947,
        0.6952,
        0.6953,
        0.6951,
        0.6948,
        0.6951,
        0.6952,
        0.6948,
        0.6953
    ],
    "train_data": {
        "epoch": {
            "0": 0.0,
            "1": 0.0,
            "2": 0.0,
            "3": 0.0,
            "4": 0.0,
            "5": 0.0,
            "6": 0.0,
            "7": 0.0,
            "8": 0.0,
            "9": 0.0,
            "10": 0.0
        },
        "iteration": {
            "0": 0.0,
            "1": 50.0,
            "2": 100.0,
            "3": 150.0,
            "4": 200.0,
            "5": 250.0,
            "6": 300.0,
            "7": 350.0,
            "8": 400.0,
            "9": 450.0,
            "10": 467.0
        },
        "train_loss": {
            "0": 57.523990631103516,
            "1": 57.087066650390625,
            "2": 54.64921951293945,
            "3": 51.284488677978516,
            "4": 47.525489807128906,
            "5": 46.24898147583008,
            "6": 42.75067901611328,
            "7": 41.09535598754883,
            "8": 39.741424560546875,
            "9": 37.07838439941406,
            "10": 36.778167724609375
        },
        "test_loss": {
            "0": 57.551876068115234,
            "1": 57.04203414916992,
            "2": 54.436981201171875,
            "3": 50.76057052612305,
            "4": 47.2894287109375,
            "5": 45.66373062133789,
            "6": 42.3764533996582,
            "7": 39.85969161987305,
            "8": 39.71116638183594,
            "9": 41.138858795166016,
            "10": 38.136043548583984
        },
        "train_acc": {
            "0": 0.109375,
            "1": 0.0546875,
            "2": 0.09375,
            "3": 0.1171875,
            "4": 0.21875,
            "5": 0.2734375,
            "6": 0.6015625,
            "7": 0.5859375,
            "8": 0.65625,
            "9": 0.75,
            "10": 0.71875
        },
        "test_acc": {
            "0": 0.09375,
            "1": 0.125,
            "2": 0.078125,
            "3": 0.140625,
            "4": 0.234375,
            "5": 0.359375,
            "6": 0.6171875,
            "7": 0.6640625,
            "8": 0.6484375,
            "9": 0.6015625,
            "10": 0.6875
        }
    },
    "statistics_data": {
        "TP": {
            "0": 968,
            "1": 1062,
            "2": 790,
            "3": 802,
            "4": 791,
            "5": 118,
            "6": 812,
            "7": 923,
            "8": 326,
            "9": 357
        },
        "TN": {
            "0": 7406,
            "1": 8763,
            "2": 8876,
            "3": 8664,
            "4": 8729,
            "5": 9093,
            "6": 8948,
            "7": 8489,
            "8": 8958,
            "9": 8895
        },
        "FP": {
            "0": 1602,
            "1": 87,
            "2": 77,
            "3": 312,
            "4": 273,
            "5": 1,
            "6": 79,
            "7": 469,
            "8": 53,
            "9": 82
        },
        "FN": {
            "0": 8,
            "1": 72,
            "2": 241,
            "3": 206,
            "4": 191,
            "5": 772,
            "6": 145,
            "7": 103,
            "8": 647,
            "9": 650
        },
        "Precision": {
            "0": 0.37665369649805447,
            "1": 0.9242819843342036,
            "2": 0.9111880046136102,
            "3": 0.7199281867145422,
            "4": 0.743421052631579,
            "5": 0.9915966386554622,
            "6": 0.9113355780022446,
            "7": 0.6630747126436781,
            "8": 0.8601583113456465,
            "9": 0.8132118451025057
        },
        "Recall": {
            "0": 0.9918032786885246,
            "1": 0.9365079365079365,
            "2": 0.7662463627546072,
            "3": 0.7956349206349206,
            "4": 0.8054989816700611,
            "5": 0.13258426966292136,
            "6": 0.8484848484848485,
            "7": 0.8996101364522417,
            "8": 0.33504624871531347,
            "9": 0.3545183714001986
        },
        "F1 Score": {
            "0": 0.5459672870840383,
            "1": 0.9303547963206307,
            "2": 0.8324552160168598,
            "3": 0.7558906691800188,
            "4": 0.7732160312805474,
            "5": 0.23389494549058473,
            "6": 0.8787878787878788,
            "7": 0.7634408602150539,
            "8": 0.4822485207100592,
            "9": 0.4937759336099584
        },
        "Test Accuracy": {
            "0": 0.9392027243589743,
            "1": NaN,
            "2": NaN,
            "3": NaN,
            "4": NaN,
            "5": NaN,
            "6": NaN,
            "7": NaN,
            "8": NaN,
            "9": NaN
        },
        "Test Loss": {
            "0": 38.136043548583984,
            "1": NaN,
            "2": NaN,
            "3": NaN,
            "4": NaN,
            "5": NaN,
            "6": NaN,
            "7": NaN,
            "8": NaN,
            "9": NaN
        }
    }
}