{
    "FLOPs": 111160,
    "accuracies": [
        0.9116,
        0.9116,
        0.9115,
        0.9118,
        0.9114,
        0.9114,
        0.9116,
        0.9116,
        0.9115,
        0.9115
    ],
    "train_data": {
        "epoch": {
            "0": 0.0,
            "1": 0.0,
            "2": 0.0,
            "3": 0.0,
            "4": 0.0,
            "5": 0.0,
            "6": 0.0,
            "7": 0.0,
            "8": 0.0,
            "9": 0.0,
            "10": 0.0
        },
        "iteration": {
            "0": 0.0,
            "1": 50.0,
            "2": 100.0,
            "3": 150.0,
            "4": 200.0,
            "5": 250.0,
            "6": 300.0,
            "7": 350.0,
            "8": 400.0,
            "9": 450.0,
            "10": 467.0
        },
        "train_loss": {
            "0": 5216.97705078125,
            "1": 188.74444580078125,
            "2": 78.62974548339844,
            "3": 82.4129409790039,
            "4": 96.22441101074219,
            "5": 42.03047180175781,
            "6": 119.19773864746094,
            "7": 64.96724700927734,
            "8": 75.62919616699219,
            "9": 71.25444030761719,
            "10": 60.54142379760742
        },
        "test_loss": {
            "0": 2796.24365234375,
            "1": 207.78857421875,
            "2": 97.87460327148438,
            "3": 36.81128692626953,
            "4": 60.362022399902344,
            "5": 41.214962005615234,
            "6": 59.590660095214844,
            "7": 121.98481750488281,
            "8": 50.56916427612305,
            "9": 92.00949096679688,
            "10": 63.78068923950195
        },
        "train_acc": {
            "0": 0.046875,
            "1": 0.7578125,
            "2": 0.8671875,
            "3": 0.8671875,
            "4": 0.8125,
            "5": 0.90625,
            "6": 0.8828125,
            "7": 0.9296875,
            "8": 0.8828125,
            "9": 0.9453125,
            "10": 0.8984375
        },
        "test_acc": {
            "0": 0.0859375,
            "1": 0.8125,
            "2": 0.8671875,
            "3": 0.8984375,
            "4": 0.90625,
            "5": 0.90625,
            "6": 0.90625,
            "7": 0.8828125,
            "8": 0.9140625,
            "9": 0.890625,
            "10": 0.8828125
        }
    },
    "statistics_data": {
        "TP": {
            "0": 958,
            "1": 1105,
            "2": 964,
            "3": 916,
            "4": 902,
            "5": 792,
            "6": 805,
            "7": 922,
            "8": 849,
            "9": 903
        },
        "TN": {
            "0": 8941,
            "1": 8832,
            "2": 8767,
            "3": 8837,
            "4": 8913,
            "5": 9024,
            "6": 9001,
            "7": 8900,
            "8": 8896,
            "9": 8877
        },
        "FP": {
            "0": 63,
            "1": 19,
            "2": 185,
            "3": 137,
            "4": 92,
            "5": 71,
            "6": 28,
            "7": 58,
            "8": 115,
            "9": 100
        },
        "FN": {
            "0": 22,
            "1": 28,
            "2": 68,
            "3": 94,
            "4": 77,
            "5": 97,
            "6": 150,
            "7": 104,
            "8": 124,
            "9": 104
        },
        "Precision": {
            "0": 0.9382957884427032,
            "1": 0.9830960854092526,
            "2": 0.8389904264577894,
            "3": 0.8698955365622032,
            "4": 0.9074446680080482,
            "5": 0.9177288528389339,
            "6": 0.9663865546218487,
            "7": 0.9408163265306122,
            "8": 0.8807053941908713,
            "9": 0.9002991026919243
        },
        "Recall": {
            "0": 0.9775510204081632,
            "1": 0.9752868490732568,
            "2": 0.9341085271317829,
            "3": 0.906930693069307,
            "4": 0.9213483146067416,
            "5": 0.890888638920135,
            "6": 0.8429319371727748,
            "7": 0.898635477582846,
            "8": 0.8725590955806783,
            "9": 0.8967229394240318
        },
        "F1 Score": {
            "0": 0.9575212393803099,
            "1": 0.979175897208684,
            "2": 0.8839981659789089,
            "3": 0.8880271449345615,
            "4": 0.914343639128231,
            "5": 0.9041095890410958,
            "6": 0.9004474272930649,
            "7": 0.9192422731804586,
            "8": 0.8766133195663397,
            "9": 0.8985074626865672
        },
        "Test Accuracy": {
            "0": 0.9826121794871795,
            "1": NaN,
            "2": NaN,
            "3": NaN,
            "4": NaN,
            "5": NaN,
            "6": NaN,
            "7": NaN,
            "8": NaN,
            "9": NaN
        },
        "Test Loss": {
            "0": 63.78068923950195,
            "1": NaN,
            "2": NaN,
            "3": NaN,
            "4": NaN,
            "5": NaN,
            "6": NaN,
            "7": NaN,
            "8": NaN,
            "9": NaN
        }
    }
}