{
    "FLOPs": 23820,
    "accuracies": [
        0.8556,
        0.8555,
        0.8554,
        0.8558,
        0.8556,
        0.8552,
        0.8553,
        0.8555,
        0.8558,
        0.8553
    ],
    "train_data": {
        "epoch": {
            "0": 0.0,
            "1": 0.0,
            "2": 0.0,
            "3": 0.0,
            "4": 0.0,
            "5": 0.0,
            "6": 0.0,
            "7": 0.0,
            "8": 0.0,
            "9": 0.0,
            "10": 0.0
        },
        "iteration": {
            "0": 0.0,
            "1": 50.0,
            "2": 100.0,
            "3": 150.0,
            "4": 200.0,
            "5": 250.0,
            "6": 300.0,
            "7": 350.0,
            "8": 400.0,
            "9": 450.0,
            "10": 467.0
        },
        "train_loss": {
            "0": 8135.64501953125,
            "1": 422.73553466796875,
            "2": 251.53079223632812,
            "3": 225.33135986328125,
            "4": 80.10902404785156,
            "5": 144.21966552734375,
            "6": 220.69668579101562,
            "7": 51.86711883544922,
            "8": 96.00616455078125,
            "9": 91.47395324707031,
            "10": 162.3881378173828
        },
        "test_loss": {
            "0": 5773.001953125,
            "1": 315.8475036621094,
            "2": 248.35171508789062,
            "3": 143.14239501953125,
            "4": 69.84928894042969,
            "5": 252.47897338867188,
            "6": 64.83692932128906,
            "7": 144.61085510253906,
            "8": 170.77101135253906,
            "9": 153.35403442382812,
            "10": 49.16843032836914
        },
        "train_acc": {
            "0": 0.0859375,
            "1": 0.53125,
            "2": 0.71875,
            "3": 0.765625,
            "4": 0.8125,
            "5": 0.8125,
            "6": 0.7890625,
            "7": 0.890625,
            "8": 0.8359375,
            "9": 0.796875,
            "10": 0.828125
        },
        "test_acc": {
            "0": 0.0703125,
            "1": 0.578125,
            "2": 0.625,
            "3": 0.7578125,
            "4": 0.7578125,
            "5": 0.828125,
            "6": 0.8125,
            "7": 0.8671875,
            "8": 0.84375,
            "9": 0.859375,
            "10": 0.90625
        }
    },
    "statistics_data": {
        "TP": {
            "0": 864,
            "1": 1099,
            "2": 868,
            "3": 846,
            "4": 883,
            "5": 715,
            "6": 765,
            "7": 911,
            "8": 829,
            "9": 776
        },
        "TN": {
            "0": 8911,
            "1": 8743,
            "2": 8754,
            "3": 8844,
            "4": 8753,
            "5": 8853,
            "6": 8975,
            "7": 8879,
            "8": 8846,
            "9": 8870
        },
        "FP": {
            "0": 94,
            "1": 107,
            "2": 199,
            "3": 132,
            "4": 251,
            "5": 241,
            "6": 52,
            "7": 77,
            "8": 167,
            "9": 108
        },
        "FN": {
            "0": 115,
            "1": 35,
            "2": 163,
            "3": 162,
            "4": 97,
            "5": 175,
            "6": 192,
            "7": 117,
            "8": 142,
            "9": 230
        },
        "Precision": {
            "0": 0.9018789144050104,
            "1": 0.9112769485903814,
            "2": 0.8134957825679475,
            "3": 0.8650306748466258,
            "4": 0.7786596119929453,
            "5": 0.747907949790795,
            "6": 0.9363525091799265,
            "7": 0.9220647773279352,
            "8": 0.8323293172690763,
            "9": 0.8778280542986425
        },
        "Recall": {
            "0": 0.8825331971399387,
            "1": 0.9691358024691358,
            "2": 0.8419010669253152,
            "3": 0.8392857142857143,
            "4": 0.9010204081632653,
            "5": 0.8033707865168539,
            "6": 0.799373040752351,
            "7": 0.8861867704280155,
            "8": 0.8537590113285273,
            "9": 0.7713717693836978
        },
        "F1 Score": {
            "0": 0.8921011874032009,
            "1": 0.9393162393162393,
            "2": 0.8274547187797902,
            "3": 0.851963746223565,
            "4": 0.835383159886471,
            "5": 0.7746478873239436,
            "6": 0.8624577226606539,
            "7": 0.9037698412698413,
            "8": 0.8429079816980173,
            "9": 0.8211640211640211
        },
        "Test Accuracy": {
            "0": 0.9713942307692308,
            "1": NaN,
            "2": NaN,
            "3": NaN,
            "4": NaN,
            "5": NaN,
            "6": NaN,
            "7": NaN,
            "8": NaN,
            "9": NaN
        },
        "Test Loss": {
            "0": 49.16843032836914,
            "1": NaN,
            "2": NaN,
            "3": NaN,
            "4": NaN,
            "5": NaN,
            "6": NaN,
            "7": NaN,
            "8": NaN,
            "9": NaN
        }
    }
}