{
    "FLOPs": 127040,
    "accuracies": [
        0.9265,
        0.9262,
        0.9263,
        0.9262,
        0.9264,
        0.9262,
        0.9264,
        0.9262,
        0.9263,
        0.9265
    ],
    "train_data": {
        "epoch": {
            "0": 0.0,
            "1": 0.0,
            "2": 0.0,
            "3": 0.0,
            "4": 0.0,
            "5": 0.0,
            "6": 0.0,
            "7": 0.0,
            "8": 0.0,
            "9": 0.0,
            "10": 0.0
        },
        "iteration": {
            "0": 0.0,
            "1": 50.0,
            "2": 100.0,
            "3": 150.0,
            "4": 200.0,
            "5": 250.0,
            "6": 300.0,
            "7": 350.0,
            "8": 400.0,
            "9": 450.0,
            "10": 467.0
        },
        "train_loss": {
            "0": 4785.4765625,
            "1": 119.43058013916016,
            "2": 139.68214416503906,
            "3": 144.0019073486328,
            "4": 142.8570098876953,
            "5": 38.1342658996582,
            "6": 51.90986633300781,
            "7": 62.72958755493164,
            "8": 32.4300422668457,
            "9": 55.312904357910156,
            "10": 92.00534057617188
        },
        "test_loss": {
            "0": 3035.6328125,
            "1": 115.11546325683594,
            "2": 140.6953125,
            "3": 52.252506256103516,
            "4": 107.27208709716797,
            "5": 50.65190124511719,
            "6": 31.770675659179688,
            "7": 78.73689270019531,
            "8": 81.67604064941406,
            "9": 33.66765213012695,
            "10": 85.1976089477539
        },
        "train_acc": {
            "0": 0.1796875,
            "1": 0.8203125,
            "2": 0.8046875,
            "3": 0.890625,
            "4": 0.890625,
            "5": 0.9296875,
            "6": 0.90625,
            "7": 0.890625,
            "8": 0.90625,
            "9": 0.9375,
            "10": 0.921875
        },
        "test_acc": {
            "0": 0.1796875,
            "1": 0.8125,
            "2": 0.796875,
            "3": 0.890625,
            "4": 0.8984375,
            "5": 0.9296875,
            "6": 0.9375,
            "7": 0.8984375,
            "8": 0.8828125,
            "9": 0.9453125,
            "10": 0.90625
        }
    },
    "statistics_data": {
        "TP": {
            "0": 962,
            "1": 1116,
            "2": 970,
            "3": 903,
            "4": 907,
            "5": 796,
            "6": 905,
            "7": 922,
            "8": 889,
            "9": 893
        },
        "TN": {
            "0": 8948,
            "1": 8804,
            "2": 8838,
            "3": 8880,
            "4": 8930,
            "5": 9029,
            "6": 8964,
            "7": 8910,
            "8": 8937,
            "9": 8895
        },
        "FP": {
            "0": 56,
            "1": 46,
            "2": 115,
            "3": 95,
            "4": 75,
            "5": 64,
            "6": 64,
            "7": 47,
            "8": 74,
            "9": 85
        },
        "FN": {
            "0": 18,
            "1": 18,
            "2": 61,
            "3": 106,
            "4": 72,
            "5": 95,
            "6": 51,
            "7": 105,
            "8": 84,
            "9": 111
        },
        "Precision": {
            "0": 0.9449901768172888,
            "1": 0.9604130808950087,
            "2": 0.8940092165898618,
            "3": 0.9048096192384769,
            "4": 0.9236252545824847,
            "5": 0.9255813953488372,
            "6": 0.9339525283797729,
            "7": 0.9514963880288958,
            "8": 0.9231568016614745,
            "9": 0.9130879345603272
        },
        "Recall": {
            "0": 0.9816326530612245,
            "1": 0.9841269841269841,
            "2": 0.9408341416100873,
            "3": 0.8949454905847374,
            "4": 0.9264555669050051,
            "5": 0.8933782267115601,
            "6": 0.946652719665272,
            "7": 0.8977604673807206,
            "8": 0.9136690647482014,
            "9": 0.8894422310756972
        },
        "F1 Score": {
            "0": 0.9629629629629629,
            "1": 0.9721254355400697,
            "2": 0.9168241965973535,
            "3": 0.8998505231689089,
            "4": 0.9250382457929628,
            "5": 0.9091947458595089,
            "6": 0.9402597402597401,
            "7": 0.9238476953907815,
            "8": 0.918388429752066,
            "9": 0.9011099899091827
        },
        "Test Accuracy": {
            "0": 0.985556891025641,
            "1": NaN,
            "2": NaN,
            "3": NaN,
            "4": NaN,
            "5": NaN,
            "6": NaN,
            "7": NaN,
            "8": NaN,
            "9": NaN
        },
        "Test Loss": {
            "0": 85.1976089477539,
            "1": NaN,
            "2": NaN,
            "3": NaN,
            "4": NaN,
            "5": NaN,
            "6": NaN,
            "7": NaN,
            "8": NaN,
            "9": NaN
        }
    }
}