{
    "FLOPs": 47640,
    "accuracies": [
        0.8821,
        0.8818,
        0.8819,
        0.8819,
        0.8819,
        0.882,
        0.8819,
        0.8819,
        0.8819,
        0.8817
    ],
    "train_data": {
        "epoch": {
            "0": 0.0,
            "1": 0.0,
            "2": 0.0,
            "3": 0.0,
            "4": 0.0,
            "5": 0.0,
            "6": 0.0,
            "7": 0.0,
            "8": 0.0,
            "9": 0.0,
            "10": 0.0
        },
        "iteration": {
            "0": 0.0,
            "1": 50.0,
            "2": 100.0,
            "3": 150.0,
            "4": 200.0,
            "5": 250.0,
            "6": 300.0,
            "7": 350.0,
            "8": 400.0,
            "9": 450.0,
            "10": 467.0
        },
        "train_loss": {
            "0": 4830.32666015625,
            "1": 108.45354461669922,
            "2": 74.40667724609375,
            "3": 102.40886688232422,
            "4": 172.13648986816406,
            "5": 63.869163513183594,
            "6": 63.3527946472168,
            "7": 84.82081604003906,
            "8": 56.06555938720703,
            "9": 109.12489318847656,
            "10": 118.52277374267578
        },
        "test_loss": {
            "0": 2964.4033203125,
            "1": 112.42710876464844,
            "2": 125.20863342285156,
            "3": 61.224815368652344,
            "4": 142.99826049804688,
            "5": 86.32992553710938,
            "6": 182.05140686035156,
            "7": 38.294681549072266,
            "8": 111.40528106689453,
            "9": 87.08265686035156,
            "10": 40.90560531616211
        },
        "train_acc": {
            "0": 0.125,
            "1": 0.8046875,
            "2": 0.8203125,
            "3": 0.78125,
            "4": 0.828125,
            "5": 0.875,
            "6": 0.8828125,
            "7": 0.8671875,
            "8": 0.8828125,
            "9": 0.921875,
            "10": 0.8671875
        },
        "test_acc": {
            "0": 0.0859375,
            "1": 0.7265625,
            "2": 0.796875,
            "3": 0.859375,
            "4": 0.7734375,
            "5": 0.8125,
            "6": 0.84375,
            "7": 0.890625,
            "8": 0.875,
            "9": 0.90625,
            "10": 0.890625
        }
    },
    "statistics_data": {
        "TP": {
            "0": 939,
            "1": 1105,
            "2": 897,
            "3": 894,
            "4": 882,
            "5": 729,
            "6": 894,
            "7": 896,
            "8": 744,
            "9": 840
        },
        "TN": {
            "0": 8918,
            "1": 8820,
            "2": 8839,
            "3": 8745,
            "4": 8862,
            "5": 8968,
            "6": 8946,
            "7": 8881,
            "8": 8871,
            "9": 8842
        },
        "FP": {
            "0": 89,
            "1": 31,
            "2": 113,
            "3": 229,
            "4": 142,
            "5": 126,
            "6": 80,
            "7": 77,
            "8": 140,
            "9": 137
        },
        "FN": {
            "0": 38,
            "1": 28,
            "2": 135,
            "3": 116,
            "4": 98,
            "5": 161,
            "6": 64,
            "7": 130,
            "8": 229,
            "9": 165
        },
        "Precision": {
            "0": 0.9134241245136187,
            "1": 0.9727112676056338,
            "2": 0.8881188118811881,
            "3": 0.7960819234194123,
            "4": 0.861328125,
            "5": 0.8526315789473684,
            "6": 0.917864476386037,
            "7": 0.920863309352518,
            "8": 0.8416289592760181,
            "9": 0.8597748208802457
        },
        "Recall": {
            "0": 0.9611054247697032,
            "1": 0.9752868490732568,
            "2": 0.8691860465116279,
            "3": 0.8851485148514852,
            "4": 0.9,
            "5": 0.8191011235955056,
            "6": 0.9331941544885177,
            "7": 0.8732943469785575,
            "8": 0.7646454265159301,
            "9": 0.835820895522388
        },
        "F1 Score": {
            "0": 0.9366583541147131,
            "1": 0.9739973556632877,
            "2": 0.8785504407443684,
            "3": 0.8382559774964838,
            "4": 0.880239520958084,
            "5": 0.8355300859598853,
            "6": 0.9254658385093167,
            "7": 0.896448224112056,
            "8": 0.8012924071082391,
            "9": 0.8476286579212916
        },
        "Test Accuracy": {
            "0": 0.9766826923076923,
            "1": NaN,
            "2": NaN,
            "3": NaN,
            "4": NaN,
            "5": NaN,
            "6": NaN,
            "7": NaN,
            "8": NaN,
            "9": NaN
        },
        "Test Loss": {
            "0": 40.90560531616211,
            "1": NaN,
            "2": NaN,
            "3": NaN,
            "4": NaN,
            "5": NaN,
            "6": NaN,
            "7": NaN,
            "8": NaN,
            "9": NaN
        }
    }
}