{
    "FLOPs": 31760,
    "accuracies": [
        0.4509,
        0.451,
        0.4507,
        0.4507,
        0.451,
        0.4511,
        0.4511,
        0.4509,
        0.451,
        0.4508
    ],
    "train_data": {
        "epoch": {
            "0": 0.0,
            "1": 0.0,
            "2": 0.0,
            "3": 0.0,
            "4": 0.0,
            "5": 0.0,
            "6": 0.0,
            "7": 0.0,
            "8": 0.0,
            "9": 0.0,
            "10": 0.0
        },
        "iteration": {
            "0": 0.0,
            "1": 50.0,
            "2": 100.0,
            "3": 150.0,
            "4": 200.0,
            "5": 250.0,
            "6": 300.0,
            "7": 350.0,
            "8": 400.0,
            "9": 450.0,
            "10": 467.0
        },
        "train_loss": {
            "0": 57.74366760253906,
            "1": 57.25025939941406,
            "2": 56.313655853271484,
            "3": 54.87199020385742,
            "4": 53.7392692565918,
            "5": 51.827735900878906,
            "6": 50.10419464111328,
            "7": 49.515586853027344,
            "8": 48.487586975097656,
            "9": 46.89317321777344,
            "10": 46.93452835083008
        },
        "test_loss": {
            "0": 57.4457893371582,
            "1": 57.468536376953125,
            "2": 56.43658447265625,
            "3": 54.95817947387695,
            "4": 53.3460807800293,
            "5": 51.87440490722656,
            "6": 51.21629333496094,
            "7": 49.002933502197266,
            "8": 47.87147521972656,
            "9": 47.03134536743164,
            "10": 46.06078338623047
        },
        "train_acc": {
            "0": 0.0546875,
            "1": 0.109375,
            "2": 0.1015625,
            "3": 0.140625,
            "4": 0.1171875,
            "5": 0.15625,
            "6": 0.25,
            "7": 0.296875,
            "8": 0.3046875,
            "9": 0.46875,
            "10": 0.4765625
        },
        "test_acc": {
            "0": 0.109375,
            "1": 0.109375,
            "2": 0.1171875,
            "3": 0.1015625,
            "4": 0.1015625,
            "5": 0.140625,
            "6": 0.1640625,
            "7": 0.359375,
            "8": 0.3984375,
            "9": 0.421875,
            "10": 0.390625
        }
    },
    "statistics_data": {
        "TP": {
            "0": 971,
            "1": 1,
            "2": 558,
            "3": 687,
            "4": 199,
            "5": 0,
            "6": 828,
            "7": 411,
            "8": 47,
            "9": 805
        },
        "TN": {
            "0": 4797,
            "1": 8851,
            "2": 8909,
            "3": 8771,
            "4": 8988,
            "5": 9092,
            "6": 8805,
            "7": 8951,
            "8": 9011,
            "9": 8204
        },
        "FP": {
            "0": 4210,
            "1": 0,
            "2": 45,
            "3": 205,
            "4": 15,
            "5": 0,
            "6": 224,
            "7": 7,
            "8": 0,
            "9": 771
        },
        "FN": {
            "0": 6,
            "1": 1132,
            "2": 472,
            "3": 321,
            "4": 782,
            "5": 892,
            "6": 127,
            "7": 615,
            "8": 926,
            "9": 204
        },
        "Precision": {
            "0": 0.18741555684230843,
            "1": 1.0,
            "2": 0.9253731343283582,
            "3": 0.7701793721973094,
            "4": 0.9299065420560748,
            "5": 0.0,
            "6": 0.7870722433460076,
            "7": 0.9832535885167464,
            "8": 1.0,
            "9": 0.5107868020304569
        },
        "Recall": {
            "0": 0.9938587512794268,
            "1": 0.00088261253309797,
            "2": 0.541747572815534,
            "3": 0.6815476190476191,
            "4": 0.20285423037716616,
            "5": 0.0,
            "6": 0.8670157068062827,
            "7": 0.40058479532163743,
            "8": 0.048304213771839674,
            "9": 0.7978196233894945
        },
        "F1 Score": {
            "0": 0.31536213056187073,
            "1": 0.001763668430335097,
            "2": 0.6834047764849969,
            "3": 0.723157894736842,
            "4": 0.33305439330543934,
            "5": 0.0,
            "6": 0.8251121076233184,
            "7": 0.5692520775623269,
            "8": 0.09215686274509804,
            "9": 0.6228239845261122
        },
        "Test Accuracy": {
            "0": 0.8902844551282051,
            "1": NaN,
            "2": NaN,
            "3": NaN,
            "4": NaN,
            "5": NaN,
            "6": NaN,
            "7": NaN,
            "8": NaN,
            "9": NaN
        },
        "Test Loss": {
            "0": 46.06078338623047,
            "1": NaN,
            "2": NaN,
            "3": NaN,
            "4": NaN,
            "5": NaN,
            "6": NaN,
            "7": NaN,
            "8": NaN,
            "9": NaN
        }
    }
}