{
    "FLOPs": 79400,
    "accuracies": [
        0.9076,
        0.9075,
        0.9073,
        0.9073,
        0.9073,
        0.9075,
        0.9079,
        0.9074,
        0.9076,
        0.9076
    ],
    "train_data": {
        "epoch": {
            "0": 0.0,
            "1": 0.0,
            "2": 0.0,
            "3": 0.0,
            "4": 0.0,
            "5": 0.0,
            "6": 0.0,
            "7": 0.0,
            "8": 0.0,
            "9": 0.0,
            "10": 0.0
        },
        "iteration": {
            "0": 0.0,
            "1": 50.0,
            "2": 100.0,
            "3": 150.0,
            "4": 200.0,
            "5": 250.0,
            "6": 300.0,
            "7": 350.0,
            "8": 400.0,
            "9": 450.0,
            "10": 467.0
        },
        "train_loss": {
            "0": 6397.32275390625,
            "1": 147.9886474609375,
            "2": 77.25806427001953,
            "3": 168.12266540527344,
            "4": 91.32989501953125,
            "5": 84.76055145263672,
            "6": 90.56715393066406,
            "7": 45.898597717285156,
            "8": 63.47892379760742,
            "9": 54.12318420410156,
            "10": 161.03570556640625
        },
        "test_loss": {
            "0": 4551.2587890625,
            "1": 39.90816116333008,
            "2": 96.1072006225586,
            "3": 44.07610321044922,
            "4": 79.53704833984375,
            "5": 60.442195892333984,
            "6": 52.744422912597656,
            "7": 72.85530853271484,
            "8": 59.17569351196289,
            "9": 75.00709533691406,
            "10": 87.37763977050781
        },
        "train_acc": {
            "0": 0.15625,
            "1": 0.84375,
            "2": 0.8984375,
            "3": 0.875,
            "4": 0.875,
            "5": 0.875,
            "6": 0.875,
            "7": 0.9140625,
            "8": 0.9296875,
            "9": 0.9140625,
            "10": 0.8828125
        },
        "test_acc": {
            "0": 0.109375,
            "1": 0.8125,
            "2": 0.8359375,
            "3": 0.8828125,
            "4": 0.8671875,
            "5": 0.8828125,
            "6": 0.921875,
            "7": 0.921875,
            "8": 0.890625,
            "9": 0.859375,
            "10": 0.921875
        }
    },
    "statistics_data": {
        "TP": {
            "0": 959,
            "1": 1117,
            "2": 919,
            "3": 913,
            "4": 918,
            "5": 771,
            "6": 865,
            "7": 961,
            "8": 812,
            "9": 839
        },
        "TN": {
            "0": 8922,
            "1": 8787,
            "2": 8872,
            "3": 8837,
            "4": 8915,
            "5": 9000,
            "6": 8991,
            "7": 8806,
            "8": 8918,
            "9": 8898
        },
        "FP": {
            "0": 83,
            "1": 62,
            "2": 81,
            "3": 141,
            "4": 89,
            "5": 93,
            "6": 37,
            "7": 151,
            "8": 94,
            "9": 79
        },
        "FN": {
            "0": 20,
            "1": 18,
            "2": 112,
            "3": 93,
            "4": 62,
            "5": 120,
            "6": 91,
            "7": 66,
            "8": 160,
            "9": 168
        },
        "Precision": {
            "0": 0.9203454894433781,
            "1": 0.9474130619168787,
            "2": 0.919,
            "3": 0.8662239089184061,
            "4": 0.9116186693147964,
            "5": 0.8923611111111112,
            "6": 0.958980044345898,
            "7": 0.8642086330935251,
            "8": 0.8962472406181016,
            "9": 0.9139433551198257
        },
        "Recall": {
            "0": 0.9795709908069459,
            "1": 0.9841409691629956,
            "2": 0.8913676042677012,
            "3": 0.9075546719681908,
            "4": 0.936734693877551,
            "5": 0.8653198653198653,
            "6": 0.9048117154811716,
            "7": 0.9357351509250244,
            "8": 0.8353909465020576,
            "9": 0.8331678252234359
        },
        "F1 Score": {
            "0": 0.9490351311232064,
            "1": 0.9654278305963699,
            "2": 0.9049729197439685,
            "3": 0.8864077669902912,
            "4": 0.9240060392551586,
            "5": 0.8786324786324786,
            "6": 0.9311087190527448,
            "7": 0.8985507246376812,
            "8": 0.8647497337593184,
            "9": 0.8716883116883117
        },
        "Test Accuracy": {
            "0": 0.9817708333333334,
            "1": NaN,
            "2": NaN,
            "3": NaN,
            "4": NaN,
            "5": NaN,
            "6": NaN,
            "7": NaN,
            "8": NaN,
            "9": NaN
        },
        "Test Loss": {
            "0": 87.37763977050781,
            "1": NaN,
            "2": NaN,
            "3": NaN,
            "4": NaN,
            "5": NaN,
            "6": NaN,
            "7": NaN,
            "8": NaN,
            "9": NaN
        }
    }
}