{
    "FLOPs": 158800,
    "accuracies": [
        0.7247,
        0.7246,
        0.7247,
        0.7245,
        0.7247,
        0.7247,
        0.7247,
        0.7251,
        0.7251,
        0.7248
    ],
    "train_data": {
        "epoch": {
            "0": 0.0,
            "1": 0.0,
            "2": 0.0,
            "3": 0.0,
            "4": 0.0,
            "5": 0.0,
            "6": 0.0,
            "7": 0.0,
            "8": 0.0,
            "9": 0.0,
            "10": 0.0
        },
        "iteration": {
            "0": 0.0,
            "1": 50.0,
            "2": 100.0,
            "3": 150.0,
            "4": 200.0,
            "5": 250.0,
            "6": 300.0,
            "7": 350.0,
            "8": 400.0,
            "9": 450.0,
            "10": 467.0
        },
        "train_loss": {
            "0": 57.4600944519043,
            "1": 56.95663833618164,
            "2": 54.594383239746094,
            "3": 49.89730453491211,
            "4": 46.61810302734375,
            "5": 43.73006057739258,
            "6": 40.2995491027832,
            "7": 39.01494598388672,
            "8": 37.18026351928711,
            "9": 35.10261535644531,
            "10": 34.707435607910156
        },
        "test_loss": {
            "0": 57.55995178222656,
            "1": 56.68101501464844,
            "2": 53.59352493286133,
            "3": 49.71287155151367,
            "4": 46.21152877807617,
            "5": 42.751197814941406,
            "6": 39.98740768432617,
            "7": 38.09060287475586,
            "8": 37.22282409667969,
            "9": 37.06172180175781,
            "10": 36.064693450927734
        },
        "train_acc": {
            "0": 0.1171875,
            "1": 0.125,
            "2": 0.078125,
            "3": 0.1796875,
            "4": 0.328125,
            "5": 0.46875,
            "6": 0.671875,
            "7": 0.640625,
            "8": 0.7265625,
            "9": 0.7265625,
            "10": 0.703125
        },
        "test_acc": {
            "0": 0.0859375,
            "1": 0.1171875,
            "2": 0.1015625,
            "3": 0.2265625,
            "4": 0.34375,
            "5": 0.5625,
            "6": 0.671875,
            "7": 0.734375,
            "8": 0.7109375,
            "9": 0.6796875,
            "10": 0.7265625
        }
    },
    "statistics_data": {
        "TP": {
            "0": 960,
            "1": 1098,
            "2": 802,
            "3": 886,
            "4": 736,
            "5": 209,
            "6": 866,
            "7": 920,
            "8": 244,
            "9": 527
        },
        "TN": {
            "0": 7855,
            "1": 8711,
            "2": 8869,
            "3": 8472,
            "4": 8875,
            "5": 9086,
            "6": 8864,
            "7": 8552,
            "8": 9002,
            "9": 8834
        },
        "FP": {
            "0": 1153,
            "1": 140,
            "2": 86,
            "3": 502,
            "4": 127,
            "5": 6,
            "6": 164,
            "7": 405,
            "8": 10,
            "9": 143
        },
        "FN": {
            "0": 16,
            "1": 35,
            "2": 227,
            "3": 124,
            "4": 246,
            "5": 683,
            "6": 90,
            "7": 107,
            "8": 728,
            "9": 480
        },
        "Precision": {
            "0": 0.45433033601514433,
            "1": 0.8869143780290791,
            "2": 0.9031531531531531,
            "3": 0.638328530259366,
            "4": 0.8528389339513326,
            "5": 0.9720930232558139,
            "6": 0.8407766990291262,
            "7": 0.6943396226415094,
            "8": 0.9606299212598425,
            "9": 0.7865671641791044
        },
        "Recall": {
            "0": 0.9836065573770492,
            "1": 0.9691085613415711,
            "2": 0.7793974732750243,
            "3": 0.8772277227722772,
            "4": 0.7494908350305499,
            "5": 0.23430493273542602,
            "6": 0.9058577405857741,
            "7": 0.8958130477117819,
            "8": 0.25102880658436216,
            "9": 0.5233366434955313
        },
        "F1 Score": {
            "0": 0.6215603755260602,
            "1": 0.9261914803880219,
            "2": 0.8367240479916537,
            "3": 0.7389491242702252,
            "4": 0.7978319783197833,
            "5": 0.3775971093044264,
            "6": 0.8721047331319235,
            "7": 0.782312925170068,
            "8": 0.3980424143556281,
            "9": 0.6285032796660703
        },
        "Test Accuracy": {
            "0": 0.9451923076923077,
            "1": NaN,
            "2": NaN,
            "3": NaN,
            "4": NaN,
            "5": NaN,
            "6": NaN,
            "7": NaN,
            "8": NaN,
            "9": NaN
        },
        "Test Loss": {
            "0": 36.064693450927734,
            "1": NaN,
            "2": NaN,
            "3": NaN,
            "4": NaN,
            "5": NaN,
            "6": NaN,
            "7": NaN,
            "8": NaN,
            "9": NaN
        }
    }
}