{
    "FLOPs": 31760,
    "accuracies": [
        0.8957,
        0.8956,
        0.8957,
        0.8957,
        0.8954,
        0.8957,
        0.8954,
        0.8955,
        0.8956,
        0.8957
    ],
    "train_data": {
        "epoch": {
            "0": 0.0,
            "1": 0.0,
            "2": 0.0,
            "3": 0.0,
            "4": 0.0,
            "5": 0.0,
            "6": 0.0,
            "7": 0.0,
            "8": 0.0,
            "9": 0.0,
            "10": 0.0
        },
        "iteration": {
            "0": 0.0,
            "1": 50.0,
            "2": 100.0,
            "3": 150.0,
            "4": 200.0,
            "5": 250.0,
            "6": 300.0,
            "7": 350.0,
            "8": 400.0,
            "9": 450.0,
            "10": 467.0
        },
        "train_loss": {
            "0": 8588.8818359375,
            "1": 240.73757934570312,
            "2": 219.492431640625,
            "3": 299.86212158203125,
            "4": 143.88131713867188,
            "5": 149.14862060546875,
            "6": 75.34735107421875,
            "7": 125.090576171875,
            "8": 18.593332290649414,
            "9": 237.540771484375,
            "10": 155.99375915527344
        },
        "test_loss": {
            "0": 6343.8486328125,
            "1": 225.8284454345703,
            "2": 155.9539337158203,
            "3": 237.70950317382812,
            "4": 205.21754455566406,
            "5": 87.96568298339844,
            "6": 249.70933532714844,
            "7": 78.43238830566406,
            "8": 160.406982421875,
            "9": 122.97808074951172,
            "10": 18.39373207092285
        },
        "train_acc": {
            "0": 0.15625,
            "1": 0.4921875,
            "2": 0.75,
            "3": 0.78125,
            "4": 0.765625,
            "5": 0.84375,
            "6": 0.8671875,
            "7": 0.875,
            "8": 0.921875,
            "9": 0.84375,
            "10": 0.8515625
        },
        "test_acc": {
            "0": 0.1640625,
            "1": 0.5390625,
            "2": 0.7890625,
            "3": 0.796875,
            "4": 0.84375,
            "5": 0.828125,
            "6": 0.8671875,
            "7": 0.859375,
            "8": 0.8671875,
            "9": 0.9296875,
            "10": 0.9296875
        }
    },
    "statistics_data": {
        "TP": {
            "0": 947,
            "1": 1090,
            "2": 916,
            "3": 787,
            "4": 906,
            "5": 766,
            "6": 890,
            "7": 912,
            "8": 868,
            "9": 873
        },
        "TN": {
            "0": 8930,
            "1": 8823,
            "2": 8805,
            "3": 8870,
            "4": 8915,
            "5": 8921,
            "6": 8963,
            "7": 8897,
            "8": 8801,
            "9": 8902
        },
        "FP": {
            "0": 74,
            "1": 29,
            "2": 148,
            "3": 105,
            "4": 90,
            "5": 172,
            "6": 64,
            "7": 62,
            "8": 211,
            "9": 74
        },
        "FN": {
            "0": 33,
            "1": 42,
            "2": 115,
            "3": 222,
            "4": 73,
            "5": 125,
            "6": 67,
            "7": 113,
            "8": 104,
            "9": 135
        },
        "Precision": {
            "0": 0.9275220372184133,
            "1": 0.9740840035746202,
            "2": 0.8609022556390977,
            "3": 0.8822869955156951,
            "4": 0.9096385542168675,
            "5": 0.8166311300639659,
            "6": 0.9329140461215933,
            "7": 0.9363449691991786,
            "8": 0.8044485634847081,
            "9": 0.9218585005279831
        },
        "Recall": {
            "0": 0.9663265306122449,
            "1": 0.9628975265017667,
            "2": 0.8884578079534433,
            "3": 0.77998017839445,
            "4": 0.9254341164453525,
            "5": 0.8597081930415263,
            "6": 0.9299895506792059,
            "7": 0.8897560975609756,
            "8": 0.8930041152263375,
            "9": 0.8660714285714286
        },
        "F1 Score": {
            "0": 0.9465267366316842,
            "1": 0.9684584629053754,
            "2": 0.8744630071599045,
            "3": 0.8279852709100474,
            "4": 0.9174683544303799,
            "5": 0.8376161837069438,
            "6": 0.9314495028780743,
            "7": 0.912456228114057,
            "8": 0.8464163822525597,
            "9": 0.8930946291560103
        },
        "Test Accuracy": {
            "0": 0.9793870192307692,
            "1": NaN,
            "2": NaN,
            "3": NaN,
            "4": NaN,
            "5": NaN,
            "6": NaN,
            "7": NaN,
            "8": NaN,
            "9": NaN
        },
        "Test Loss": {
            "0": 18.39373207092285,
            "1": NaN,
            "2": NaN,
            "3": NaN,
            "4": NaN,
            "5": NaN,
            "6": NaN,
            "7": NaN,
            "8": NaN,
            "9": NaN
        }
    }
}