{
    "FLOPs": 39700,
    "accuracies": [
        0.8831,
        0.8832,
        0.8831,
        0.8832,
        0.8835,
        0.8834,
        0.8836,
        0.8832,
        0.8833,
        0.8833
    ],
    "train_data": {
        "epoch": {
            "0": 0.0,
            "1": 0.0,
            "2": 0.0,
            "3": 0.0,
            "4": 0.0,
            "5": 0.0,
            "6": 0.0,
            "7": 0.0,
            "8": 0.0,
            "9": 0.0,
            "10": 0.0
        },
        "iteration": {
            "0": 0.0,
            "1": 50.0,
            "2": 100.0,
            "3": 150.0,
            "4": 200.0,
            "5": 250.0,
            "6": 300.0,
            "7": 350.0,
            "8": 400.0,
            "9": 450.0,
            "10": 467.0
        },
        "train_loss": {
            "0": 4922.26611328125,
            "1": 256.9013977050781,
            "2": 67.3224105834961,
            "3": 115.34481048583984,
            "4": 80.46376037597656,
            "5": 242.0265655517578,
            "6": 113.21176147460938,
            "7": 77.38772583007812,
            "8": 79.5386962890625,
            "9": 38.129024505615234,
            "10": 72.26036834716797
        },
        "test_loss": {
            "0": 3316.3994140625,
            "1": 293.40008544921875,
            "2": 154.88140869140625,
            "3": 157.2187042236328,
            "4": 96.28717041015625,
            "5": 70.33195495605469,
            "6": 50.59634780883789,
            "7": 98.71429443359375,
            "8": 172.66497802734375,
            "9": 233.95211791992188,
            "10": 57.3250732421875
        },
        "train_acc": {
            "0": 0.0546875,
            "1": 0.6171875,
            "2": 0.7890625,
            "3": 0.84375,
            "4": 0.78125,
            "5": 0.8046875,
            "6": 0.8359375,
            "7": 0.8671875,
            "8": 0.8671875,
            "9": 0.9296875,
            "10": 0.921875
        },
        "test_acc": {
            "0": 0.0546875,
            "1": 0.6015625,
            "2": 0.765625,
            "3": 0.78125,
            "4": 0.8203125,
            "5": 0.84375,
            "6": 0.8828125,
            "7": 0.828125,
            "8": 0.8515625,
            "9": 0.8671875,
            "10": 0.8515625
        }
    },
    "statistics_data": {
        "TP": {
            "0": 921,
            "1": 1097,
            "2": 913,
            "3": 866,
            "4": 918,
            "5": 715,
            "6": 892,
            "7": 917,
            "8": 830,
            "9": 766
        },
        "TN": {
            "0": 8961,
            "1": 8798,
            "2": 8848,
            "3": 8875,
            "4": 8814,
            "5": 8944,
            "6": 8939,
            "7": 8861,
            "8": 8805,
            "9": 8862
        },
        "FP": {
            "0": 46,
            "1": 52,
            "2": 105,
            "3": 101,
            "4": 189,
            "5": 150,
            "6": 88,
            "7": 98,
            "8": 206,
            "9": 114
        },
        "FN": {
            "0": 56,
            "1": 37,
            "2": 118,
            "3": 142,
            "4": 63,
            "5": 175,
            "6": 65,
            "7": 108,
            "8": 143,
            "9": 242
        },
        "Precision": {
            "0": 0.9524301964839711,
            "1": 0.9547432550043516,
            "2": 0.8968565815324165,
            "3": 0.8955532574974147,
            "4": 0.8292682926829268,
            "5": 0.8265895953757225,
            "6": 0.9102040816326531,
            "7": 0.903448275862069,
            "8": 0.8011583011583011,
            "9": 0.8704545454545455
        },
        "Recall": {
            "0": 0.9426816786079836,
            "1": 0.9673721340388007,
            "2": 0.8855480116391853,
            "3": 0.8591269841269841,
            "4": 0.9357798165137615,
            "5": 0.8033707865168539,
            "6": 0.9320794148380356,
            "7": 0.8946341463414634,
            "8": 0.8530318602261048,
            "9": 0.7599206349206349
        },
        "F1 Score": {
            "0": 0.9475308641975309,
            "1": 0.9610162067455104,
            "2": 0.8911664226451929,
            "3": 0.8769620253164557,
            "4": 0.8793103448275862,
            "5": 0.8148148148148149,
            "6": 0.9210118740320082,
            "7": 0.8990196078431372,
            "8": 0.8262817322050772,
            "9": 0.8114406779661015
        },
        "Test Accuracy": {
            "0": 0.9769831730769231,
            "1": NaN,
            "2": NaN,
            "3": NaN,
            "4": NaN,
            "5": NaN,
            "6": NaN,
            "7": NaN,
            "8": NaN,
            "9": NaN
        },
        "Test Loss": {
            "0": 57.3250732421875,
            "1": NaN,
            "2": NaN,
            "3": NaN,
            "4": NaN,
            "5": NaN,
            "6": NaN,
            "7": NaN,
            "8": NaN,
            "9": NaN
        }
    }
}